2026-08-01 14:44:08 INFO [drawing-recognition] [MainThread] Repository initialized database=C:\work\cad-recognition\backend\data\runtime\recognition.db
2026-08-01 14:44:08 INFO [drawing-recognition] [MainThread] Run created run_id=d6dbad10-81c9-4374-ab7d-d98cc03d087f filename=electrical.dxf file_path=C:\Users\chenz194\AppData\Local\Temp\1\tmpv9rbsdd6\electrical.dxf
2026-08-01 14:44:08 INFO [drawing-recognition] [MainThread] Run updated run_id=d6dbad10-81c9-4374-ab7d-d98cc03d087f status=succeeded phase=done progress=100 result_saved=True error=
2026-08-01 14:44:08 INFO [drawing-recognition] [asyncio-portal-17588eef8c0] Frontend task requested run_id=d6dbad10-81c9-4374-ab7d-d98cc03d087f
2026-08-01 14:44:08 INFO [drawing-recognition] [asyncio-portal-17588eef8c0] Run loaded run_id=d6dbad10-81c9-4374-ab7d-d98cc03d087f status=succeeded phase=done
2026-08-01 14:44:08 INFO [drawing-recognition] [asyncio-portal-17588eef8c0] Frontend task returned run_id=d6dbad10-81c9-4374-ab7d-d98cc03d087f status=succeeded phase=done
2026-08-01 14:44:08 INFO [drawing-recognition] [asyncio-portal-17589090190] Frontend symbols requested run_id=d6dbad10-81c9-4374-ab7d-d98cc03d087f
2026-08-01 14:44:08 INFO [drawing-recognition] [asyncio-portal-17589090190] Run loaded run_id=d6dbad10-81c9-4374-ab7d-d98cc03d087f status=succeeded phase=done
2026-08-01 14:44:08 INFO [drawing-recognition] [asyncio-portal-17589090190] Completed result loaded run_id=d6dbad10-81c9-4374-ab7d-d98cc03d087f
2026-08-01 14:44:08 INFO [drawing-recognition] [asyncio-portal-17589090190] Frontend symbols returned run_id=d6dbad10-81c9-4374-ab7d-d98cc03d087f count=1
2026-08-01 14:44:08 INFO [drawing-recognition] [asyncio-portal-17589090410] Frontend texts requested run_id=d6dbad10-81c9-4374-ab7d-d98cc03d087f
2026-08-01 14:44:08 INFO [drawing-recognition] [asyncio-portal-17589090410] Run loaded run_id=d6dbad10-81c9-4374-ab7d-d98cc03d087f status=succeeded phase=done
2026-08-01 14:44:08 INFO [drawing-recognition] [asyncio-portal-17589090410] Completed result loaded run_id=d6dbad10-81c9-4374-ab7d-d98cc03d087f
2026-08-01 14:44:08 INFO [drawing-recognition] [asyncio-portal-17589090410] Frontend texts returned run_id=d6dbad10-81c9-4374-ab7d-d98cc03d087f count=1
2026-08-01 14:44:08 INFO [drawing-recognition] [asyncio-portal-17589019350] Frontend tables requested run_id=d6dbad10-81c9-4374-ab7d-d98cc03d087f
2026-08-01 14:44:08 INFO [drawing-recognition] [asyncio-portal-17589019350] Run loaded run_id=d6dbad10-81c9-4374-ab7d-d98cc03d087f status=succeeded phase=done
2026-08-01 14:44:08 INFO [drawing-recognition] [asyncio-portal-17589019350] Completed result loaded run_id=d6dbad10-81c9-4374-ab7d-d98cc03d087f
2026-08-01 14:44:10 INFO [drawing-recognition] [asyncio-portal-2748f890980] HTTP request method=GET path=/api/recognition/09a3f3b4-5f78-4fb4-ae94-b6f72c8088a3 client=testclient
2026-08-01 14:44:10 INFO [drawing-recognition] [asyncio-portal-2748f890980] Frontend task requested run_id=09a3f3b4-5f78-4fb4-ae94-b6f72c8088a3
2026-08-01 14:44:10 INFO [drawing-recognition] [asyncio-portal-2748f890980] Run loaded run_id=09a3f3b4-5f78-4fb4-ae94-b6f72c8088a3 status=failed phase=error
2026-08-01 14:44:10 INFO [drawing-recognition] [asyncio-portal-2748f890980] Frontend task returned run_id=09a3f3b4-5f78-4fb4-ae94-b6f72c8088a3 status=failed phase=error
2026-08-01 14:44:10 INFO [drawing-recognition] [asyncio-portal-2748f890980] HTTP response method=GET path=/api/recognition/09a3f3b4-5f78-4fb4-ae94-b6f72c8088a3 status=200 elapsed_ms=11.3
2026-08-01 14:45:32 INFO [drawing-recognition] [MainThread] HTTP request method=POST path=/api/upload client=127.0.0.1
2026-08-01 14:45:32 INFO [drawing-recognition] [MainThread] Frontend upload received filename=B电气图.dwg
2026-08-01 14:45:32 INFO [drawing-recognition] [MainThread] Repository initialized database=C:\work\cad-recognition\backend\data\runtime\recognition.db
2026-08-01 14:45:32 INFO [drawing-recognition] [MainThread] Run created run_id=aad8854b-c377-495d-978f-f118726ce528 filename=B电气图.dwg file_path=C:\work\cad-recognition\backend\data\runtime\uploads\1c62ee7049084207ae705c7218188082.dwg
2026-08-01 14:45:32 INFO [drawing-recognition] [MainThread] Analysis queued run_id=aad8854b-c377-495d-978f-f118726ce528 drawing_path=C:\work\cad-recognition\backend\data\runtime\uploads\1c62ee7049084207ae705c7218188082.dwg
2026-08-01 14:45:32 INFO [drawing-recognition] [drawing-recognition_0] Analysis started run_id=aad8854b-c377-495d-978f-f118726ce528 drawing_path=C:\work\cad-recognition\backend\data\runtime\uploads\1c62ee7049084207ae705c7218188082.dwg
2026-08-01 14:45:32 INFO [drawing-recognition] [MainThread] Run creation accepted run_id=aad8854b-c377-495d-978f-f118726ce528 filename=B电气图.dwg size_bytes=7822583
2026-08-01 14:45:32 INFO [drawing-recognition] [MainThread] Frontend upload accepted run_id=aad8854b-c377-495d-978f-f118726ce528
2026-08-01 14:45:32 INFO [drawing-recognition] [MainThread] HTTP response method=POST path=/api/upload status=200 elapsed_ms=205.2
2026-08-01 14:45:32 INFO [drawing-recognition] [drawing-recognition_0] Run updated run_id=aad8854b-c377-495d-978f-f118726ce528 status=running phase=preflight progress=10 result_saved=False error=
2026-08-01 14:45:32 INFO [drawing-recognition] [drawing-recognition_0] Run updated run_id=aad8854b-c377-495d-978f-f118726ce528 status=running phase=vector_parse progress=45 result_saved=False error=
2026-08-01 14:45:32 ERROR [drawing-recognition] [drawing-recognition_0] Analysis failed run_id=aad8854b-c377-495d-978f-f118726ce528 drawing_path=C:\work\cad-recognition\backend\data\runtime\uploads\1c62ee7049084207ae705c7218188082.dwg error=无法解析 DWG：未配置 ODA File Converter。请设置 ODA_FILE_CONVERTER 为 ODAFileConverter.exe 的绝对路径，或先转换为 DXF 后上传。
Traceback (most recent call last):
  File "C:\work\cad-recognition\backend\runtime\worker.py", line 26, in _run_analysis
    result = analyze_drawing(drawing_path).model_dump()
             ~~~~~~~~~~~~~~~^^^^^^^^^^^^^^
  File "C:\work\cad-recognition\backend\service.py", line 24, in analyze_drawing
    dxf_path, temporary_output = convert_dwg_to_dxf(path)
                                 ~~~~~~~~~~~~~~~~~~^^^^^^
  File "C:\work\cad-recognition\backend\ingest\dwg_converter.py", line 26, in convert_dwg_to_dxf
    raise DrawingAnalysisError(
    ...<2 lines>...
    )
domain.errors.DrawingAnalysisError: 无法解析 DWG：未配置 ODA File Converter。请设置 ODA_FILE_CONVERTER 为 ODAFileConverter.exe 的绝对路径，或先转换为 DXF 后上传。
2026-08-01 14:45:32 INFO [drawing-recognition] [drawing-recognition_0] Run updated run_id=aad8854b-c377-495d-978f-f118726ce528 status=failed phase=error progress=100 result_saved=False error=无法解析 DWG：未配置 ODA File Converter。请设置 ODA_FILE_CONVERTER 为 ODAFileConverter.exe 的绝对路径，或先转换为 DXF 后上传。
2026-08-01 14:45:34 INFO [drawing-recognition] [MainThread] HTTP request method=GET path=/api/recognition/aad8854b-c377-495d-978f-f118726ce528 client=127.0.0.1
2026-08-01 14:45:34 INFO [drawing-recognition] [MainThread] Frontend task requested run_id=aad8854b-c377-495d-978f-f118726ce528
2026-08-01 14:45:34 INFO [drawing-recognition] [MainThread] Run loaded run_id=aad8854b-c377-495d-978f-f118726ce528 status=failed phase=error
2026-08-01 14:45:34 INFO [drawing-recognition] [MainThread] Frontend task returned run_id=aad8854b-c377-495d-978f-f118726ce528 status=failed phase=error
2026-08-01 14:45:34 INFO [drawing-recognition] [MainThread] HTTP response method=GET path=/api/recognition/aad8854b-c377-495d-978f-f118726ce528 status=200 elapsed_ms=7.5
2026-08-01 14:46:37 ERROR [drawing-recognition] [MainThread] DWG converter unavailable: ODA_FILE_CONVERTER is unset and ODAFileConverter is not on PATH.
2026-08-01 15:02:34 INFO [drawing-recognition] [MainThread] HTTP request method=POST path=/api/upload client=127.0.0.1
2026-08-01 15:02:35 INFO [drawing-recognition] [MainThread] Frontend upload received filename=B电气图.dxf
2026-08-01 15:02:35 INFO [drawing-recognition] [MainThread] Repository initialized database=C:\work\cad-recognition\backend\data\runtime\recognition.db
2026-08-01 15:02:35 INFO [drawing-recognition] [MainThread] Run created run_id=4bff2fdf-14fa-4092-88e7-77805c780fed filename=B电气图.dxf file_path=C:\work\cad-recognition\backend\data\runtime\uploads\85bd6ba1d8f2482da39cfd72107fdcf5.dxf
2026-08-01 15:02:35 INFO [drawing-recognition] [MainThread] Analysis queued run_id=4bff2fdf-14fa-4092-88e7-77805c780fed drawing_path=C:\work\cad-recognition\backend\data\runtime\uploads\85bd6ba1d8f2482da39cfd72107fdcf5.dxf
2026-08-01 15:02:35 INFO [drawing-recognition] [drawing-recognition_0] Analysis started run_id=4bff2fdf-14fa-4092-88e7-77805c780fed drawing_path=C:\work\cad-recognition\backend\data\runtime\uploads\85bd6ba1d8f2482da39cfd72107fdcf5.dxf
2026-08-01 15:02:35 INFO [drawing-recognition] [MainThread] Run creation accepted run_id=4bff2fdf-14fa-4092-88e7-77805c780fed filename=B电气图.dxf size_bytes=59876683
2026-08-01 15:02:35 INFO [drawing-recognition] [MainThread] Frontend upload accepted run_id=4bff2fdf-14fa-4092-88e7-77805c780fed
2026-08-01 15:02:35 INFO [drawing-recognition] [MainThread] HTTP response method=POST path=/api/upload status=200 elapsed_ms=887.2
2026-08-01 15:02:35 INFO [drawing-recognition] [drawing-recognition_0] Run updated run_id=4bff2fdf-14fa-4092-88e7-77805c780fed status=running phase=preflight progress=10 result_saved=False error=
2026-08-01 15:02:35 INFO [drawing-recognition] [drawing-recognition_0] Run updated run_id=4bff2fdf-14fa-4092-88e7-77805c780fed status=running phase=vector_parse progress=45 result_saved=False error=
2026-08-01 15:02:37 INFO [drawing-recognition] [MainThread] HTTP request method=GET path=/api/recognition/4bff2fdf-14fa-4092-88e7-77805c780fed client=127.0.0.1
2026-08-01 15:02:37 INFO [drawing-recognition] [MainThread] Frontend task requested run_id=4bff2fdf-14fa-4092-88e7-77805c780fed
2026-08-01 15:02:37 INFO [drawing-recognition] [MainThread] Run loaded run_id=4bff2fdf-14fa-4092-88e7-77805c780fed status=running phase=vector_parse
2026-08-01 15:02:37 INFO [drawing-recognition] [MainThread] Frontend task returned run_id=4bff2fdf-14fa-4092-88e7-77805c780fed status=running phase=vector_parse
2026-08-01 15:02:37 INFO [drawing-recognition] [MainThread] HTTP response method=GET path=/api/recognition/4bff2fdf-14fa-4092-88e7-77805c780fed status=200 elapsed_ms=89.2
2026-08-01 15:02:39 INFO [drawing-recognition] [MainThread] HTTP request method=GET path=/api/recognition/4bff2fdf-14fa-4092-88e7-77805c780fed client=127.0.0.1
2026-08-01 15:02:39 INFO [drawing-recognition] [MainThread] Frontend task requested run_id=4bff2fdf-14fa-4092-88e7-77805c780fed
2026-08-01 15:02:40 INFO [drawing-recognition] [MainThread] Run loaded run_id=4bff2fdf-14fa-4092-88e7-77805c780fed status=running phase=vector_parse
2026-08-01 15:02:40 INFO [drawing-recognition] [MainThread] Frontend task returned run_id=4bff2fdf-14fa-4092-88e7-77805c780fed status=running phase=vector_parse
2026-08-01 15:02:40 INFO [drawing-recognition] [MainThread] HTTP response method=GET path=/api/recognition/4bff2fdf-14fa-4092-88e7-77805c780fed status=200 elapsed_ms=371.4
2026-08-01 15:02:41 INFO [drawing-recognition] [MainThread] HTTP request method=GET path=/api/recognition/4bff2fdf-14fa-4092-88e7-77805c780fed client=127.0.0.1
2026-08-01 15:02:41 INFO [drawing-recognition] [MainThread] Frontend task requested run_id=4bff2fdf-14fa-4092-88e7-77805c780fed
2026-08-01 15:02:41 INFO [drawing-recognition] [MainThread] Run loaded run_id=4bff2fdf-14fa-4092-88e7-77805c780fed status=running phase=vector_parse
2026-08-01 15:02:41 INFO [drawing-recognition] [MainThread] Frontend task returned run_id=4bff2fdf-14fa-4092-88e7-77805c780fed status=running phase=vector_parse
2026-08-01 15:02:41 INFO [drawing-recognition] [MainThread] HTTP response method=GET path=/api/recognition/4bff2fdf-14fa-4092-88e7-77805c780fed status=200 elapsed_ms=67.9
2026-08-01 15:02:43 INFO [drawing-recognition] [MainThread] HTTP request method=GET path=/api/recognition/4bff2fdf-14fa-4092-88e7-77805c780fed client=127.0.0.1
2026-08-01 15:02:43 INFO [drawing-recognition] [MainThread] Frontend task requested run_id=4bff2fdf-14fa-4092-88e7-77805c780fed
2026-08-01 15:02:43 INFO [drawing-recognition] [MainThread] Run loaded run_id=4bff2fdf-14fa-4092-88e7-77805c780fed status=running phase=vector_parse
2026-08-01 15:02:43 INFO [drawing-recognition] [MainThread] Frontend task returned run_id=4bff2fdf-14fa-4092-88e7-77805c780fed status=running phase=vector_parse
2026-08-01 15:02:43 INFO [drawing-recognition] [MainThread] HTTP response method=GET path=/api/recognition/4bff2fdf-14fa-4092-88e7-77805c780fed status=200 elapsed_ms=87.6
2026-08-01 15:02:45 INFO [drawing-recognition] [MainThread] HTTP request method=GET path=/api/recognition/4bff2fdf-14fa-4092-88e7-77805c780fed client=127.0.0.1
2026-08-01 15:02:45 INFO [drawing-recognition] [MainThread] Frontend task requested run_id=4bff2fdf-14fa-4092-88e7-77805c780fed
2026-08-01 15:02:45 INFO [drawing-recognition] [MainThread] Run loaded run_id=4bff2fdf-14fa-4092-88e7-77805c780fed status=running phase=vector_parse
2026-08-01 15:02:46 INFO [drawing-recognition] [MainThread] Frontend task returned run_id=4bff2fdf-14fa-4092-88e7-77805c780fed status=running phase=vector_parse
2026-08-01 15:02:46 INFO [drawing-recognition] [MainThread] HTTP response method=GET path=/api/recognition/4bff2fdf-14fa-4092-88e7-77805c780fed status=200 elapsed_ms=482.5
2026-08-01 15:02:47 INFO [drawing-recognition] [MainThread] HTTP request method=GET path=/api/recognition/4bff2fdf-14fa-4092-88e7-77805c780fed client=127.0.0.1
2026-08-01 15:02:47 INFO [drawing-recognition] [MainThread] Frontend task requested run_id=4bff2fdf-14fa-4092-88e7-77805c780fed
2026-08-01 15:02:47 INFO [drawing-recognition] [MainThread] Run loaded run_id=4bff2fdf-14fa-4092-88e7-77805c780fed status=running phase=vector_parse
2026-08-01 15:02:48 INFO [drawing-recognition] [MainThread] Frontend task returned run_id=4bff2fdf-14fa-4092-88e7-77805c780fed status=running phase=vector_parse
2026-08-01 15:02:48 INFO [drawing-recognition] [MainThread] HTTP response method=GET path=/api/recognition/4bff2fdf-14fa-4092-88e7-77805c780fed status=200 elapsed_ms=396.1
2026-08-01 15:02:49 INFO [drawing-recognition] [MainThread] HTTP request method=GET path=/api/recognition/4bff2fdf-14fa-4092-88e7-77805c780fed client=127.0.0.1
2026-08-01 15:02:49 INFO [drawing-recognition] [MainThread] Frontend task requested run_id=4bff2fdf-14fa-4092-88e7-77805c780fed
2026-08-01 15:02:49 INFO [drawing-recognition] [MainThread] Run loaded run_id=4bff2fdf-14fa-4092-88e7-77805c780fed status=running phase=vector_parse
2026-08-01 15:02:49 INFO [drawing-recognition] [MainThread] Frontend task returned run_id=4bff2fdf-14fa-4092-88e7-77805c780fed status=running phase=vector_parse
2026-08-01 15:02:50 INFO [drawing-recognition] [MainThread] HTTP response method=GET path=/api/recognition/4bff2fdf-14fa-4092-88e7-77805c780fed status=200 elapsed_ms=447.5
2026-08-01 15:02:51 INFO [drawing-recognition] [MainThread] HTTP request method=GET path=/api/recognition/4bff2fdf-14fa-4092-88e7-77805c780fed client=127.0.0.1
2026-08-01 15:02:51 INFO [drawing-recognition] [MainThread] Frontend task requested run_id=4bff2fdf-14fa-4092-88e7-77805c780fed
2026-08-01 15:02:51 INFO [drawing-recognition] [MainThread] Run loaded run_id=4bff2fdf-14fa-4092-88e7-77805c780fed status=running phase=vector_parse
2026-08-01 15:02:51 INFO [drawing-recognition] [MainThread] Frontend task returned run_id=4bff2fdf-14fa-4092-88e7-77805c780fed status=running phase=vector_parse
2026-08-01 15:02:52 INFO [drawing-recognition] [MainThread] HTTP response method=GET path=/api/recognition/4bff2fdf-14fa-4092-88e7-77805c780fed status=200 elapsed_ms=463.2
2026-08-01 15:02:52 INFO [drawing-recognition] [drawing-recognition_0] Run updated run_id=4bff2fdf-14fa-4092-88e7-77805c780fed status=running phase=fusion progress=80 result_saved=False error=
2026-08-01 15:02:52 INFO [drawing-recognition] [drawing-recognition_0] Run updated run_id=4bff2fdf-14fa-4092-88e7-77805c780fed status=succeeded phase=done progress=100 result_saved=True error=
2026-08-01 15:02:52 ERROR [drawing-recognition] [drawing-recognition_0] Analysis failed run_id=4bff2fdf-14fa-4092-88e7-77805c780fed drawing_path=C:\work\cad-recognition\backend\data\runtime\uploads\85bd6ba1d8f2482da39cfd72107fdcf5.dxf error='dict' object has no attribute 'summary'
Traceback (most recent call last):
  File "C:\work\cad-recognition\backend\runtime\worker.py", line 29, in _run_analysis
    logger.info("Analysis succeeded run_id=%s components=%s texts=%s", run_id, result.summary["component_count"], result.summary["text_count"])
                                                                               ^^^^^^^^^^^^^^
AttributeError: 'dict' object has no attribute 'summary'
2026-08-01 15:02:52 INFO [drawing-recognition] [drawing-recognition_0] Run updated run_id=4bff2fdf-14fa-4092-88e7-77805c780fed status=failed phase=error progress=100 result_saved=False error='dict' object has no attribute 'summary'
2026-08-01 15:02:53 INFO [drawing-recognition] [MainThread] HTTP request method=GET path=/api/recognition/4bff2fdf-14fa-4092-88e7-77805c780fed client=127.0.0.1
2026-08-01 15:02:53 INFO [drawing-recognition] [MainThread] Frontend task requested run_id=4bff2fdf-14fa-4092-88e7-77805c780fed
2026-08-01 15:02:53 INFO [drawing-recognition] [MainThread] Run loaded run_id=4bff2fdf-14fa-4092-88e7-77805c780fed status=failed phase=error
2026-08-01 15:02:53 INFO [drawing-recognition] [MainThread] Frontend task returned run_id=4bff2fdf-14fa-4092-88e7-77805c780fed status=failed phase=error
2026-08-01 15:02:53 INFO [drawing-recognition] [MainThread] HTTP response method=GET path=/api/recognition/4bff2fdf-14fa-4092-88e7-77805c780fed status=200 elapsed_ms=6.1
2026-08-01 15:04:17 INFO [drawing-recognition] [MainThread] Repository initialized database=C:\work\cad-recognition\backend\data\runtime\recognition.db
2026-08-01 15:04:17 INFO [drawing-recognition] [MainThread] Run created run_id=1e265a71-9132-481c-8b7c-69a36f2e4b1f filename=electrical.dxf file_path=C:\Users\chenz194\AppData\Local\Temp\1\tmpy6f6zqzj\electrical.dxf
2026-08-01 15:04:17 INFO [drawing-recognition] [MainThread] Run updated run_id=1e265a71-9132-481c-8b7c-69a36f2e4b1f status=succeeded phase=done progress=100 result_saved=True error=
2026-08-01 15:04:17 INFO [drawing-recognition] [asyncio-portal-2c69310e7b0] Frontend task requested run_id=1e265a71-9132-481c-8b7c-69a36f2e4b1f
2026-08-01 15:04:17 INFO [drawing-recognition] [asyncio-portal-2c69310e7b0] Run loaded run_id=1e265a71-9132-481c-8b7c-69a36f2e4b1f status=succeeded phase=done
2026-08-01 15:04:17 INFO [drawing-recognition] [asyncio-portal-2c69310e7b0] Frontend task returned run_id=1e265a71-9132-481c-8b7c-69a36f2e4b1f status=succeeded phase=done
2026-08-01 15:04:17 INFO [drawing-recognition] [asyncio-portal-2c6931796d0] Frontend symbols requested run_id=1e265a71-9132-481c-8b7c-69a36f2e4b1f
2026-08-01 15:04:17 INFO [drawing-recognition] [asyncio-portal-2c6931796d0] Run loaded run_id=1e265a71-9132-481c-8b7c-69a36f2e4b1f status=succeeded phase=done
2026-08-01 15:04:17 INFO [drawing-recognition] [asyncio-portal-2c6931796d0] Completed result loaded run_id=1e265a71-9132-481c-8b7c-69a36f2e4b1f
2026-08-01 15:04:17 INFO [drawing-recognition] [asyncio-portal-2c6931796d0] Frontend symbols returned run_id=1e265a71-9132-481c-8b7c-69a36f2e4b1f count=1
2026-08-01 15:04:17 INFO [drawing-recognition] [asyncio-portal-2c693179d10] Frontend texts requested run_id=1e265a71-9132-481c-8b7c-69a36f2e4b1f
2026-08-01 15:04:17 INFO [drawing-recognition] [asyncio-portal-2c693179d10] Run loaded run_id=1e265a71-9132-481c-8b7c-69a36f2e4b1f status=succeeded phase=done
2026-08-01 15:04:17 INFO [drawing-recognition] [asyncio-portal-2c693179d10] Completed result loaded run_id=1e265a71-9132-481c-8b7c-69a36f2e4b1f
2026-08-01 15:04:17 INFO [drawing-recognition] [asyncio-portal-2c693179d10] Frontend texts returned run_id=1e265a71-9132-481c-8b7c-69a36f2e4b1f count=1
2026-08-01 15:04:17 INFO [drawing-recognition] [asyncio-portal-2c693112b10] Frontend tables requested run_id=1e265a71-9132-481c-8b7c-69a36f2e4b1f
2026-08-01 15:04:17 INFO [drawing-recognition] [asyncio-portal-2c693112b10] Run loaded run_id=1e265a71-9132-481c-8b7c-69a36f2e4b1f status=succeeded phase=done
2026-08-01 15:04:17 INFO [drawing-recognition] [asyncio-portal-2c693112b10] Completed result loaded run_id=1e265a71-9132-481c-8b7c-69a36f2e4b1f
2026-08-01 15:04:17 INFO [drawing-recognition] [MainThread] Analysis started run_id=run-123 drawing_path=drawing.dxf
2026-08-01 15:04:17 INFO [drawing-recognition] [MainThread] Analysis succeeded run_id=run-123 components=1 texts=2
2026-08-01 15:04:58 INFO [drawing-recognition] [MainThread] HTTP request method=POST path=/api/auth/login client=127.0.0.1
2026-08-01 15:04:58 INFO [drawing-recognition] [MainThread] HTTP response method=POST path=/api/auth/login status=200 elapsed_ms=19.2
2026-08-01 15:05:02 INFO [drawing-recognition] [MainThread] HTTP request method=POST path=/api/upload client=127.0.0.1
2026-08-01 15:05:03 INFO [drawing-recognition] [MainThread] Frontend upload received filename=B电气图.dxf
2026-08-01 15:05:03 INFO [drawing-recognition] [MainThread] Repository initialized database=C:\work\cad-recognition\backend\data\runtime\recognition.db
2026-08-01 15:05:03 INFO [drawing-recognition] [MainThread] Run created run_id=a3817f39-2f02-494a-bae3-c0dcb5ecf428 filename=B电气图.dxf file_path=C:\work\cad-recognition\backend\data\runtime\uploads\1ca48a6464e74daa9c18ff5462bdbb1c.dxf
2026-08-01 15:05:03 INFO [drawing-recognition] [MainThread] Analysis queued run_id=a3817f39-2f02-494a-bae3-c0dcb5ecf428 drawing_path=C:\work\cad-recognition\backend\data\runtime\uploads\1ca48a6464e74daa9c18ff5462bdbb1c.dxf
2026-08-01 15:05:03 INFO [drawing-recognition] [drawing-recognition_0] Analysis started run_id=a3817f39-2f02-494a-bae3-c0dcb5ecf428 drawing_path=C:\work\cad-recognition\backend\data\runtime\uploads\1ca48a6464e74daa9c18ff5462bdbb1c.dxf
2026-08-01 15:05:03 INFO [drawing-recognition] [MainThread] Run creation accepted run_id=a3817f39-2f02-494a-bae3-c0dcb5ecf428 filename=B电气图.dxf size_bytes=59876683
2026-08-01 15:05:03 INFO [drawing-recognition] [MainThread] Frontend upload accepted run_id=a3817f39-2f02-494a-bae3-c0dcb5ecf428
2026-08-01 15:05:03 INFO [drawing-recognition] [MainThread] HTTP response method=POST path=/api/upload status=200 elapsed_ms=743.3
2026-08-01 15:05:03 INFO [drawing-recognition] [drawing-recognition_0] Run updated run_id=a3817f39-2f02-494a-bae3-c0dcb5ecf428 status=running phase=preflight progress=10 result_saved=False error=
2026-08-01 15:05:03 INFO [drawing-recognition] [drawing-recognition_0] Run updated run_id=a3817f39-2f02-494a-bae3-c0dcb5ecf428 status=running phase=vector_parse progress=45 result_saved=False error=
2026-08-01 15:05:05 INFO [drawing-recognition] [MainThread] HTTP request method=GET path=/api/recognition/a3817f39-2f02-494a-bae3-c0dcb5ecf428 client=127.0.0.1
2026-08-01 15:05:05 INFO [drawing-recognition] [MainThread] Frontend task requested run_id=a3817f39-2f02-494a-bae3-c0dcb5ecf428
2026-08-01 15:05:05 INFO [drawing-recognition] [MainThread] Run loaded run_id=a3817f39-2f02-494a-bae3-c0dcb5ecf428 status=running phase=vector_parse
2026-08-01 15:05:05 INFO [drawing-recognition] [MainThread] Frontend task returned run_id=a3817f39-2f02-494a-bae3-c0dcb5ecf428 status=running phase=vector_parse
2026-08-01 15:05:05 INFO [drawing-recognition] [MainThread] HTTP response method=GET path=/api/recognition/a3817f39-2f02-494a-bae3-c0dcb5ecf428 status=200 elapsed_ms=197.3
2026-08-01 15:05:07 INFO [drawing-recognition] [MainThread] HTTP request method=GET path=/api/recognition/a3817f39-2f02-494a-bae3-c0dcb5ecf428 client=127.0.0.1
2026-08-01 15:05:07 INFO [drawing-recognition] [MainThread] Frontend task requested run_id=a3817f39-2f02-494a-bae3-c0dcb5ecf428
2026-08-01 15:05:07 INFO [drawing-recognition] [MainThread] Run loaded run_id=a3817f39-2f02-494a-bae3-c0dcb5ecf428 status=running phase=vector_parse
2026-08-01 15:05:07 INFO [drawing-recognition] [MainThread] Frontend task returned run_id=a3817f39-2f02-494a-bae3-c0dcb5ecf428 status=running phase=vector_parse
2026-08-01 15:05:08 INFO [drawing-recognition] [MainThread] HTTP response method=GET path=/api/recognition/a3817f39-2f02-494a-bae3-c0dcb5ecf428 status=200 elapsed_ms=502.3
2026-08-01 15:05:09 INFO [drawing-recognition] [MainThread] HTTP request method=GET path=/api/recognition/a3817f39-2f02-494a-bae3-c0dcb5ecf428 client=127.0.0.1
2026-08-01 15:05:09 INFO [drawing-recognition] [MainThread] Frontend task requested run_id=a3817f39-2f02-494a-bae3-c0dcb5ecf428
2026-08-01 15:05:09 INFO [drawing-recognition] [MainThread] Run loaded run_id=a3817f39-2f02-494a-bae3-c0dcb5ecf428 status=running phase=vector_parse
2026-08-01 15:05:09 INFO [drawing-recognition] [MainThread] Frontend task returned run_id=a3817f39-2f02-494a-bae3-c0dcb5ecf428 status=running phase=vector_parse
2026-08-01 15:05:09 INFO [drawing-recognition] [MainThread] HTTP response method=GET path=/api/recognition/a3817f39-2f02-494a-bae3-c0dcb5ecf428 status=200 elapsed_ms=194.4
2026-08-01 15:05:11 INFO [drawing-recognition] [MainThread] HTTP request method=GET path=/api/recognition/a3817f39-2f02-494a-bae3-c0dcb5ecf428 client=127.0.0.1
2026-08-01 15:05:11 INFO [drawing-recognition] [MainThread] Frontend task requested run_id=a3817f39-2f02-494a-bae3-c0dcb5ecf428
2026-08-01 15:05:11 INFO [drawing-recognition] [MainThread] Run loaded run_id=a3817f39-2f02-494a-bae3-c0dcb5ecf428 status=running phase=vector_parse
2026-08-01 15:05:11 INFO [drawing-recognition] [MainThread] Frontend task returned run_id=a3817f39-2f02-494a-bae3-c0dcb5ecf428 status=running phase=vector_parse
2026-08-01 15:05:12 INFO [drawing-recognition] [MainThread] HTTP response method=GET path=/api/recognition/a3817f39-2f02-494a-bae3-c0dcb5ecf428 status=200 elapsed_ms=500.4
2026-08-01 15:05:13 INFO [drawing-recognition] [MainThread] HTTP request method=GET path=/api/recognition/a3817f39-2f02-494a-bae3-c0dcb5ecf428 client=127.0.0.1
2026-08-01 15:05:13 INFO [drawing-recognition] [MainThread] Frontend task requested run_id=a3817f39-2f02-494a-bae3-c0dcb5ecf428
2026-08-01 15:05:13 INFO [drawing-recognition] [MainThread] Run loaded run_id=a3817f39-2f02-494a-bae3-c0dcb5ecf428 status=running phase=vector_parse
2026-08-01 15:05:13 INFO [drawing-recognition] [MainThread] Frontend task returned run_id=a3817f39-2f02-494a-bae3-c0dcb5ecf428 status=running phase=vector_parse
2026-08-01 15:05:14 INFO [drawing-recognition] [MainThread] HTTP response method=GET path=/api/recognition/a3817f39-2f02-494a-bae3-c0dcb5ecf428 status=200 elapsed_ms=550.1
2026-08-01 15:05:14 INFO [drawing-recognition] [drawing-recognition_0] Run updated run_id=a3817f39-2f02-494a-bae3-c0dcb5ecf428 status=running phase=fusion progress=80 result_saved=False error=
2026-08-01 15:05:14 INFO [drawing-recognition] [drawing-recognition_0] Run updated run_id=a3817f39-2f02-494a-bae3-c0dcb5ecf428 status=succeeded phase=done progress=100 result_saved=True error=
2026-08-01 15:05:14 INFO [drawing-recognition] [drawing-recognition_0] Analysis succeeded run_id=a3817f39-2f02-494a-bae3-c0dcb5ecf428 components=0 texts=4
2026-08-01 15:05:15 INFO [drawing-recognition] [MainThread] HTTP request method=GET path=/api/recognition/a3817f39-2f02-494a-bae3-c0dcb5ecf428 client=127.0.0.1
2026-08-01 15:05:15 INFO [drawing-recognition] [MainThread] Frontend task requested run_id=a3817f39-2f02-494a-bae3-c0dcb5ecf428
2026-08-01 15:05:15 INFO [drawing-recognition] [MainThread] Run loaded run_id=a3817f39-2f02-494a-bae3-c0dcb5ecf428 status=succeeded phase=done
2026-08-01 15:05:15 INFO [drawing-recognition] [MainThread] Frontend task returned run_id=a3817f39-2f02-494a-bae3-c0dcb5ecf428 status=succeeded phase=done
2026-08-01 15:05:15 INFO [drawing-recognition] [MainThread] HTTP response method=GET path=/api/recognition/a3817f39-2f02-494a-bae3-c0dcb5ecf428 status=200 elapsed_ms=6.6
2026-08-01 15:05:15 INFO [drawing-recognition] [MainThread] HTTP request method=GET path=/api/recognition/a3817f39-2f02-494a-bae3-c0dcb5ecf428 client=127.0.0.1
2026-08-01 15:05:15 INFO [drawing-recognition] [MainThread] Frontend task requested run_id=a3817f39-2f02-494a-bae3-c0dcb5ecf428
2026-08-01 15:05:15 INFO [drawing-recognition] [MainThread] Run loaded run_id=a3817f39-2f02-494a-bae3-c0dcb5ecf428 status=succeeded phase=done
2026-08-01 15:05:15 INFO [drawing-recognition] [MainThread] Frontend task returned run_id=a3817f39-2f02-494a-bae3-c0dcb5ecf428 status=succeeded phase=done
2026-08-01 15:05:15 INFO [drawing-recognition] [MainThread] HTTP response method=GET path=/api/recognition/a3817f39-2f02-494a-bae3-c0dcb5ecf428 status=200 elapsed_ms=7.4
2026-08-01 15:05:15 INFO [drawing-recognition] [MainThread] HTTP request method=GET path=/api/recognition/a3817f39-2f02-494a-bae3-c0dcb5ecf428 client=127.0.0.1
2026-08-01 15:05:15 INFO [drawing-recognition] [MainThread] Frontend task requested run_id=a3817f39-2f02-494a-bae3-c0dcb5ecf428
2026-08-01 15:05:15 INFO [drawing-recognition] [MainThread] Run loaded run_id=a3817f39-2f02-494a-bae3-c0dcb5ecf428 status=succeeded phase=done
2026-08-01 15:05:15 INFO [drawing-recognition] [MainThread] Frontend task returned run_id=a3817f39-2f02-494a-bae3-c0dcb5ecf428 status=succeeded phase=done
2026-08-01 15:05:15 INFO [drawing-recognition] [MainThread] HTTP response method=GET path=/api/recognition/a3817f39-2f02-494a-bae3-c0dcb5ecf428 status=200 elapsed_ms=3.9
2026-08-01 15:05:15 INFO [drawing-recognition] [MainThread] HTTP request method=GET path=/api/recognition/a3817f39-2f02-494a-bae3-c0dcb5ecf428/symbols client=127.0.0.1
2026-08-01 15:05:15 INFO [drawing-recognition] [MainThread] Frontend symbols requested run_id=a3817f39-2f02-494a-bae3-c0dcb5ecf428
2026-08-01 15:05:15 INFO [drawing-recognition] [MainThread] Run loaded run_id=a3817f39-2f02-494a-bae3-c0dcb5ecf428 status=succeeded phase=done
2026-08-01 15:05:15 INFO [drawing-recognition] [MainThread] Completed result loaded run_id=a3817f39-2f02-494a-bae3-c0dcb5ecf428
2026-08-01 15:05:15 INFO [drawing-recognition] [MainThread] Frontend symbols returned run_id=a3817f39-2f02-494a-bae3-c0dcb5ecf428 count=0
2026-08-01 15:05:15 INFO [drawing-recognition] [MainThread] HTTP response method=GET path=/api/recognition/a3817f39-2f02-494a-bae3-c0dcb5ecf428/symbols status=200 elapsed_ms=9.3
2026-08-01 15:05:15 INFO [drawing-recognition] [MainThread] HTTP request method=GET path=/api/recognition/a3817f39-2f02-494a-bae3-c0dcb5ecf428/texts client=127.0.0.1
2026-08-01 15:05:15 INFO [drawing-recognition] [MainThread] HTTP request method=GET path=/api/recognition/a3817f39-2f02-494a-bae3-c0dcb5ecf428/tables client=127.0.0.1
2026-08-01 15:05:15 INFO [drawing-recognition] [MainThread] Frontend texts requested run_id=a3817f39-2f02-494a-bae3-c0dcb5ecf428
2026-08-01 15:05:15 INFO [drawing-recognition] [MainThread] Run loaded run_id=a3817f39-2f02-494a-bae3-c0dcb5ecf428 status=succeeded phase=done
2026-08-01 15:05:15 INFO [drawing-recognition] [MainThread] Completed result loaded run_id=a3817f39-2f02-494a-bae3-c0dcb5ecf428
2026-08-01 15:05:15 INFO [drawing-recognition] [MainThread] Frontend texts returned run_id=a3817f39-2f02-494a-bae3-c0dcb5ecf428 count=4
2026-08-01 15:05:15 INFO [drawing-recognition] [MainThread] Frontend tables requested run_id=a3817f39-2f02-494a-bae3-c0dcb5ecf428
2026-08-01 15:05:15 INFO [drawing-recognition] [MainThread] Run loaded run_id=a3817f39-2f02-494a-bae3-c0dcb5ecf428 status=succeeded phase=done
2026-08-01 15:05:15 INFO [drawing-recognition] [MainThread] Completed result loaded run_id=a3817f39-2f02-494a-bae3-c0dcb5ecf428
2026-08-01 15:05:15 INFO [drawing-recognition] [MainThread] HTTP response method=GET path=/api/recognition/a3817f39-2f02-494a-bae3-c0dcb5ecf428/texts status=200 elapsed_ms=12.2
2026-08-01 15:05:15 INFO [drawing-recognition] [MainThread] HTTP response method=GET path=/api/recognition/a3817f39-2f02-494a-bae3-c0dcb5ecf428/tables status=200 elapsed_ms=12.6
2026-08-01 15:05:15 INFO [drawing-recognition] [MainThread] HTTP request method=GET path=/api/recognition/a3817f39-2f02-494a-bae3-c0dcb5ecf428/texts client=127.0.0.1
2026-08-01 15:05:15 INFO [drawing-recognition] [MainThread] HTTP request method=GET path=/api/recognition/a3817f39-2f02-494a-bae3-c0dcb5ecf428/symbols client=127.0.0.1
2026-08-01 15:05:15 INFO [drawing-recognition] [MainThread] HTTP request method=GET path=/api/recognition/a3817f39-2f02-494a-bae3-c0dcb5ecf428/tables client=127.0.0.1
2026-08-01 15:05:15 INFO [drawing-recognition] [MainThread] Frontend texts requested run_id=a3817f39-2f02-494a-bae3-c0dcb5ecf428
2026-08-01 15:05:15 INFO [drawing-recognition] [MainThread] Run loaded run_id=a3817f39-2f02-494a-bae3-c0dcb5ecf428 status=succeeded phase=done
2026-08-01 15:05:15 INFO [drawing-recognition] [MainThread] Completed result loaded run_id=a3817f39-2f02-494a-bae3-c0dcb5ecf428
2026-08-01 15:05:15 INFO [drawing-recognition] [MainThread] Frontend texts returned run_id=a3817f39-2f02-494a-bae3-c0dcb5ecf428 count=4
2026-08-01 15:05:15 INFO [drawing-recognition] [MainThread] Frontend symbols requested run_id=a3817f39-2f02-494a-bae3-c0dcb5ecf428
2026-08-01 15:05:15 INFO [drawing-recognition] [MainThread] Run loaded run_id=a3817f39-2f02-494a-bae3-c0dcb5ecf428 status=succeeded phase=done
2026-08-01 15:05:15 INFO [drawing-recognition] [MainThread] Completed result loaded run_id=a3817f39-2f02-494a-bae3-c0dcb5ecf428
2026-08-01 15:05:15 INFO [drawing-recognition] [MainThread] Frontend symbols returned run_id=a3817f39-2f02-494a-bae3-c0dcb5ecf428 count=0
2026-08-01 15:05:15 INFO [drawing-recognition] [MainThread] Frontend tables requested run_id=a3817f39-2f02-494a-bae3-c0dcb5ecf428
2026-08-01 15:05:15 INFO [drawing-recognition] [MainThread] Run loaded run_id=a3817f39-2f02-494a-bae3-c0dcb5ecf428 status=succeeded phase=done
2026-08-01 15:05:15 INFO [drawing-recognition] [MainThread] Completed result loaded run_id=a3817f39-2f02-494a-bae3-c0dcb5ecf428
2026-08-01 15:05:15 INFO [drawing-recognition] [MainThread] HTTP response method=GET path=/api/recognition/a3817f39-2f02-494a-bae3-c0dcb5ecf428/texts status=200 elapsed_ms=14.0
2026-08-01 15:05:15 INFO [drawing-recognition] [MainThread] HTTP response method=GET path=/api/recognition/a3817f39-2f02-494a-bae3-c0dcb5ecf428/symbols status=200 elapsed_ms=14.0
2026-08-01 15:05:15 INFO [drawing-recognition] [MainThread] HTTP response method=GET path=/api/recognition/a3817f39-2f02-494a-bae3-c0dcb5ecf428/tables status=200 elapsed_ms=14.0
2026-08-01 15:08:21 INFO [drawing-recognition] [MainThread] Repository initialized database=C:\work\cad-recognition\backend\data\runtime\recognition.db
2026-08-01 15:08:21 INFO [drawing-recognition] [MainThread] Run created run_id=e50905f5-63a3-4340-ad2f-9821c6d54030 filename=electrical.dxf file_path=C:\Users\chenz194\AppData\Local\Temp\1\tmpgp4auc8b\electrical.dxf
2026-08-01 15:08:21 INFO [drawing-recognition] [MainThread] Run updated run_id=e50905f5-63a3-4340-ad2f-9821c6d54030 status=succeeded phase=done progress=100 result_saved=True error=
2026-08-01 15:08:21 INFO [drawing-recognition] [asyncio-portal-1c95a5c4ad0] Frontend task requested run_id=e50905f5-63a3-4340-ad2f-9821c6d54030
2026-08-01 15:08:21 INFO [drawing-recognition] [asyncio-portal-1c95a5c4ad0] Run loaded run_id=e50905f5-63a3-4340-ad2f-9821c6d54030 status=succeeded phase=done
2026-08-01 15:08:21 INFO [drawing-recognition] [asyncio-portal-1c95a5c4ad0] Frontend task returned run_id=e50905f5-63a3-4340-ad2f-9821c6d54030 status=succeeded phase=done
2026-08-01 15:08:21 INFO [drawing-recognition] [asyncio-portal-1c95a5e9bd0] Frontend symbols requested run_id=e50905f5-63a3-4340-ad2f-9821c6d54030
2026-08-01 15:08:21 INFO [drawing-recognition] [asyncio-portal-1c95a5e9bd0] Run loaded run_id=e50905f5-63a3-4340-ad2f-9821c6d54030 status=succeeded phase=done
2026-08-01 15:08:21 INFO [drawing-recognition] [asyncio-portal-1c95a5e9bd0] Completed result loaded run_id=e50905f5-63a3-4340-ad2f-9821c6d54030
2026-08-01 15:08:21 INFO [drawing-recognition] [asyncio-portal-1c95a5e9bd0] Frontend symbols returned run_id=e50905f5-63a3-4340-ad2f-9821c6d54030 count=1
2026-08-01 15:08:21 INFO [drawing-recognition] [asyncio-portal-1c95a5ea210] Frontend texts requested run_id=e50905f5-63a3-4340-ad2f-9821c6d54030
2026-08-01 15:08:21 INFO [drawing-recognition] [asyncio-portal-1c95a5ea210] Run loaded run_id=e50905f5-63a3-4340-ad2f-9821c6d54030 status=succeeded phase=done
2026-08-01 15:08:21 INFO [drawing-recognition] [asyncio-portal-1c95a5ea210] Completed result loaded run_id=e50905f5-63a3-4340-ad2f-9821c6d54030
2026-08-01 15:08:21 INFO [drawing-recognition] [asyncio-portal-1c95a5ea210] Frontend texts returned run_id=e50905f5-63a3-4340-ad2f-9821c6d54030 count=1
2026-08-01 15:08:21 INFO [drawing-recognition] [asyncio-portal-1c95a5a5f30] Frontend tables requested run_id=e50905f5-63a3-4340-ad2f-9821c6d54030
2026-08-01 15:08:21 INFO [drawing-recognition] [asyncio-portal-1c95a5a5f30] Run loaded run_id=e50905f5-63a3-4340-ad2f-9821c6d54030 status=succeeded phase=done
2026-08-01 15:08:21 INFO [drawing-recognition] [asyncio-portal-1c95a5a5f30] Completed result loaded run_id=e50905f5-63a3-4340-ad2f-9821c6d54030
2026-08-01 15:08:21 INFO [drawing-recognition] [MainThread] Analysis started run_id=run-123 drawing_path=drawing.dxf
2026-08-01 15:08:21 INFO [drawing-recognition] [MainThread] Analysis succeeded run_id=run-123 components=1 texts=2 render_path=C:\work\cad-recognition\backend\data\runtime\renders\run-123.png
2026-08-01 15:09:08 INFO [drawing-recognition] [MainThread] Repository initialized database=C:\work\cad-recognition\backend\data\runtime\recognition.db
2026-08-01 15:09:08 INFO [drawing-recognition] [MainThread] Run created run_id=83bd1cf0-6dbe-4b09-a365-0530b06a5547 filename=electrical.dxf file_path=C:\Users\chenz194\AppData\Local\Temp\1\tmp67a04tcu\electrical.dxf
2026-08-01 15:09:08 INFO [drawing-recognition] [MainThread] Run updated run_id=83bd1cf0-6dbe-4b09-a365-0530b06a5547 status=succeeded phase=done progress=100 result_saved=True error=
2026-08-01 15:09:08 INFO [drawing-recognition] [asyncio-portal-28d101ecc20] Frontend task requested run_id=83bd1cf0-6dbe-4b09-a365-0530b06a5547
2026-08-01 15:09:08 INFO [drawing-recognition] [asyncio-portal-28d101ecc20] Run loaded run_id=83bd1cf0-6dbe-4b09-a365-0530b06a5547 status=succeeded phase=done
2026-08-01 15:09:08 INFO [drawing-recognition] [asyncio-portal-28d101ecc20] Frontend task returned run_id=83bd1cf0-6dbe-4b09-a365-0530b06a5547 status=succeeded phase=done
2026-08-01 15:09:08 INFO [drawing-recognition] [asyncio-portal-28d101ecc20] Rendering historical task background run_id=83bd1cf0-6dbe-4b09-a365-0530b06a5547 source=C:\Users\chenz194\AppData\Local\Temp\1\tmp67a04tcu\electrical.dxf
2026-08-01 15:09:08 INFO [drawing-recognition] [asyncio-portal-28d10209bd0] Run loaded run_id=83bd1cf0-6dbe-4b09-a365-0530b06a5547 status=succeeded phase=done
2026-08-01 15:09:08 INFO [drawing-recognition] [asyncio-portal-28d10209bd0] Frontend drawing returned run_id=83bd1cf0-6dbe-4b09-a365-0530b06a5547 path=C:\work\cad-recognition\backend\data\runtime\renders\83bd1cf0-6dbe-4b09-a365-0530b06a5547.png
2026-08-01 15:09:08 INFO [drawing-recognition] [asyncio-portal-28d11364410] Frontend symbols requested run_id=83bd1cf0-6dbe-4b09-a365-0530b06a5547
2026-08-01 15:09:08 INFO [drawing-recognition] [asyncio-portal-28d11364410] Run loaded run_id=83bd1cf0-6dbe-4b09-a365-0530b06a5547 status=succeeded phase=done
2026-08-01 15:09:08 INFO [drawing-recognition] [asyncio-portal-28d11364410] Completed result loaded run_id=83bd1cf0-6dbe-4b09-a365-0530b06a5547
2026-08-01 15:09:08 INFO [drawing-recognition] [asyncio-portal-28d11364410] Frontend symbols returned run_id=83bd1cf0-6dbe-4b09-a365-0530b06a5547 count=1
2026-08-01 15:09:08 INFO [drawing-recognition] [asyncio-portal-28d129bcd60] Frontend texts requested run_id=83bd1cf0-6dbe-4b09-a365-0530b06a5547
2026-08-01 15:09:08 INFO [drawing-recognition] [asyncio-portal-28d129bcd60] Run loaded run_id=83bd1cf0-6dbe-4b09-a365-0530b06a5547 status=succeeded phase=done
2026-08-01 15:09:08 INFO [drawing-recognition] [asyncio-portal-28d129bcd60] Completed result loaded run_id=83bd1cf0-6dbe-4b09-a365-0530b06a5547
2026-08-01 15:09:08 INFO [drawing-recognition] [asyncio-portal-28d129bcd60] Frontend texts returned run_id=83bd1cf0-6dbe-4b09-a365-0530b06a5547 count=1
2026-08-01 15:09:08 INFO [drawing-recognition] [asyncio-portal-28d129be060] Frontend tables requested run_id=83bd1cf0-6dbe-4b09-a365-0530b06a5547
2026-08-01 15:09:08 INFO [drawing-recognition] [asyncio-portal-28d129be060] Run loaded run_id=83bd1cf0-6dbe-4b09-a365-0530b06a5547 status=succeeded phase=done
2026-08-01 15:09:08 INFO [drawing-recognition] [asyncio-portal-28d129be060] Completed result loaded run_id=83bd1cf0-6dbe-4b09-a365-0530b06a5547
2026-08-01 15:09:09 INFO [drawing-recognition] [MainThread] Analysis started run_id=run-123 drawing_path=drawing.dxf
2026-08-01 15:09:09 INFO [drawing-recognition] [MainThread] Analysis succeeded run_id=run-123 components=1 texts=2 render_path=C:\work\cad-recognition\backend\data\runtime\renders\run-123.png
2026-08-01 15:09:31 INFO [drawing-recognition] [asyncio-portal-2ab2da84980] HTTP request method=GET path=/api/recognition/a3817f39-2f02-494a-bae3-c0dcb5ecf428 client=testclient
2026-08-01 15:09:31 INFO [drawing-recognition] [asyncio-portal-2ab2da84980] Frontend task requested run_id=a3817f39-2f02-494a-bae3-c0dcb5ecf428
2026-08-01 15:09:31 INFO [drawing-recognition] [asyncio-portal-2ab2da84980] Run loaded run_id=a3817f39-2f02-494a-bae3-c0dcb5ecf428 status=succeeded phase=done
2026-08-01 15:09:31 INFO [drawing-recognition] [asyncio-portal-2ab2da84980] Frontend task returned run_id=a3817f39-2f02-494a-bae3-c0dcb5ecf428 status=succeeded phase=done
2026-08-01 15:09:31 INFO [drawing-recognition] [asyncio-portal-2ab2da84980] Rendering historical task background run_id=a3817f39-2f02-494a-bae3-c0dcb5ecf428 source=C:\work\cad-recognition\backend\data\runtime\uploads\1ca48a6464e74daa9c18ff5462bdbb1c.dxf
2026-08-01 15:10:42 INFO [drawing-recognition] [asyncio-portal-2ab2da84980] HTTP response method=GET path=/api/recognition/a3817f39-2f02-494a-bae3-c0dcb5ecf428 status=200 elapsed_ms=71003.9
2026-08-01 15:10:42 INFO [drawing-recognition] [asyncio-portal-2ab2daa5d10] HTTP request method=GET path=/api/recognition/a3817f39-2f02-494a-bae3-c0dcb5ecf428/drawing client=testclient
2026-08-01 15:10:42 INFO [drawing-recognition] [asyncio-portal-2ab2daa5d10] Run loaded run_id=a3817f39-2f02-494a-bae3-c0dcb5ecf428 status=succeeded phase=done
2026-08-01 15:10:42 INFO [drawing-recognition] [asyncio-portal-2ab2daa5d10] Frontend drawing returned run_id=a3817f39-2f02-494a-bae3-c0dcb5ecf428 path=C:\work\cad-recognition\backend\data\runtime\renders\a3817f39-2f02-494a-bae3-c0dcb5ecf428.png
2026-08-01 15:10:42 INFO [drawing-recognition] [asyncio-portal-2ab2daa5d10] HTTP response method=GET path=/api/recognition/a3817f39-2f02-494a-bae3-c0dcb5ecf428/drawing status=200 elapsed_ms=2.9
2026-08-01 15:11:47 INFO [drawing-recognition] [MainThread] HTTP request method=GET path=/api/recognition/a3817f39-2f02-494a-bae3-c0dcb5ecf428 client=127.0.0.1
2026-08-01 15:11:47 INFO [drawing-recognition] [MainThread] Frontend task requested run_id=a3817f39-2f02-494a-bae3-c0dcb5ecf428
2026-08-01 15:11:47 INFO [drawing-recognition] [MainThread] Run loaded run_id=a3817f39-2f02-494a-bae3-c0dcb5ecf428 status=succeeded phase=done
2026-08-01 15:11:47 INFO [drawing-recognition] [MainThread] Frontend task returned run_id=a3817f39-2f02-494a-bae3-c0dcb5ecf428 status=succeeded phase=done
2026-08-01 15:11:47 INFO [drawing-recognition] [MainThread] HTTP response method=GET path=/api/recognition/a3817f39-2f02-494a-bae3-c0dcb5ecf428 status=200 elapsed_ms=30.4
2026-08-01 15:11:47 INFO [drawing-recognition] [MainThread] HTTP request method=GET path=/api/recognition/a3817f39-2f02-494a-bae3-c0dcb5ecf428 client=127.0.0.1
2026-08-01 15:11:47 INFO [drawing-recognition] [MainThread] Frontend task requested run_id=a3817f39-2f02-494a-bae3-c0dcb5ecf428
2026-08-01 15:11:47 INFO [drawing-recognition] [MainThread] Run loaded run_id=a3817f39-2f02-494a-bae3-c0dcb5ecf428 status=succeeded phase=done
2026-08-01 15:11:47 INFO [drawing-recognition] [MainThread] Frontend task returned run_id=a3817f39-2f02-494a-bae3-c0dcb5ecf428 status=succeeded phase=done
2026-08-01 15:11:47 INFO [drawing-recognition] [MainThread] HTTP response method=GET path=/api/recognition/a3817f39-2f02-494a-bae3-c0dcb5ecf428 status=200 elapsed_ms=16.6
2026-08-01 15:11:47 INFO [drawing-recognition] [MainThread] HTTP request method=GET path=/api/recognition/a3817f39-2f02-494a-bae3-c0dcb5ecf428/symbols client=127.0.0.1
2026-08-01 15:11:47 INFO [drawing-recognition] [MainThread] HTTP request method=GET path=/api/recognition/a3817f39-2f02-494a-bae3-c0dcb5ecf428/tables client=127.0.0.1
2026-08-01 15:11:47 INFO [drawing-recognition] [MainThread] HTTP request method=GET path=/api/recognition/a3817f39-2f02-494a-bae3-c0dcb5ecf428/texts client=127.0.0.1
2026-08-01 15:11:47 INFO [drawing-recognition] [MainThread] Frontend symbols requested run_id=a3817f39-2f02-494a-bae3-c0dcb5ecf428
2026-08-01 15:11:47 INFO [drawing-recognition] [MainThread] Run loaded run_id=a3817f39-2f02-494a-bae3-c0dcb5ecf428 status=succeeded phase=done
2026-08-01 15:11:47 INFO [drawing-recognition] [MainThread] Completed result loaded run_id=a3817f39-2f02-494a-bae3-c0dcb5ecf428
2026-08-01 15:11:47 INFO [drawing-recognition] [MainThread] Frontend symbols returned run_id=a3817f39-2f02-494a-bae3-c0dcb5ecf428 count=0
2026-08-01 15:11:47 INFO [drawing-recognition] [MainThread] Frontend tables requested run_id=a3817f39-2f02-494a-bae3-c0dcb5ecf428
2026-08-01 15:11:47 INFO [drawing-recognition] [MainThread] Run loaded run_id=a3817f39-2f02-494a-bae3-c0dcb5ecf428 status=succeeded phase=done
2026-08-01 15:11:47 INFO [drawing-recognition] [MainThread] Completed result loaded run_id=a3817f39-2f02-494a-bae3-c0dcb5ecf428
2026-08-01 15:11:47 INFO [drawing-recognition] [MainThread] Frontend texts requested run_id=a3817f39-2f02-494a-bae3-c0dcb5ecf428
2026-08-01 15:11:47 INFO [drawing-recognition] [MainThread] Run loaded run_id=a3817f39-2f02-494a-bae3-c0dcb5ecf428 status=succeeded phase=done
2026-08-01 15:11:47 INFO [drawing-recognition] [MainThread] Completed result loaded run_id=a3817f39-2f02-494a-bae3-c0dcb5ecf428
2026-08-01 15:11:47 INFO [drawing-recognition] [MainThread] Frontend texts returned run_id=a3817f39-2f02-494a-bae3-c0dcb5ecf428 count=4
2026-08-01 15:11:47 INFO [drawing-recognition] [MainThread] HTTP response method=GET path=/api/recognition/a3817f39-2f02-494a-bae3-c0dcb5ecf428/symbols status=200 elapsed_ms=30.3
2026-08-01 15:11:47 INFO [drawing-recognition] [MainThread] HTTP response method=GET path=/api/recognition/a3817f39-2f02-494a-bae3-c0dcb5ecf428/tables status=200 elapsed_ms=30.5
2026-08-01 15:11:47 INFO [drawing-recognition] [MainThread] HTTP response method=GET path=/api/recognition/a3817f39-2f02-494a-bae3-c0dcb5ecf428/texts status=200 elapsed_ms=31.7
2026-08-01 15:11:47 INFO [drawing-recognition] [MainThread] HTTP request method=GET path=/api/recognition/a3817f39-2f02-494a-bae3-c0dcb5ecf428/symbols client=127.0.0.1
2026-08-01 15:11:47 INFO [drawing-recognition] [MainThread] Frontend symbols requested run_id=a3817f39-2f02-494a-bae3-c0dcb5ecf428
2026-08-01 15:11:47 INFO [drawing-recognition] [MainThread] Run loaded run_id=a3817f39-2f02-494a-bae3-c0dcb5ecf428 status=succeeded phase=done
2026-08-01 15:11:47 INFO [drawing-recognition] [MainThread] Completed result loaded run_id=a3817f39-2f02-494a-bae3-c0dcb5ecf428
2026-08-01 15:11:47 INFO [drawing-recognition] [MainThread] Frontend symbols returned run_id=a3817f39-2f02-494a-bae3-c0dcb5ecf428 count=0
2026-08-01 15:11:47 INFO [drawing-recognition] [MainThread] HTTP request method=GET path=/api/recognition/a3817f39-2f02-494a-bae3-c0dcb5ecf428/tables client=127.0.0.1
2026-08-01 15:11:47 INFO [drawing-recognition] [MainThread] HTTP response method=GET path=/api/recognition/a3817f39-2f02-494a-bae3-c0dcb5ecf428/symbols status=200 elapsed_ms=12.4
2026-08-01 15:11:47 INFO [drawing-recognition] [MainThread] Frontend tables requested run_id=a3817f39-2f02-494a-bae3-c0dcb5ecf428
2026-08-01 15:11:47 INFO [drawing-recognition] [MainThread] Run loaded run_id=a3817f39-2f02-494a-bae3-c0dcb5ecf428 status=succeeded phase=done
2026-08-01 15:11:47 INFO [drawing-recognition] [MainThread] Completed result loaded run_id=a3817f39-2f02-494a-bae3-c0dcb5ecf428
2026-08-01 15:11:47 INFO [drawing-recognition] [MainThread] HTTP response method=GET path=/api/recognition/a3817f39-2f02-494a-bae3-c0dcb5ecf428/tables status=200 elapsed_ms=14.8
2026-08-01 15:11:47 INFO [drawing-recognition] [MainThread] HTTP request method=GET path=/api/recognition/a3817f39-2f02-494a-bae3-c0dcb5ecf428/texts client=127.0.0.1
2026-08-01 15:11:47 INFO [drawing-recognition] [MainThread] Frontend texts requested run_id=a3817f39-2f02-494a-bae3-c0dcb5ecf428
2026-08-01 15:11:47 INFO [drawing-recognition] [MainThread] Run loaded run_id=a3817f39-2f02-494a-bae3-c0dcb5ecf428 status=succeeded phase=done
2026-08-01 15:11:47 INFO [drawing-recognition] [MainThread] Completed result loaded run_id=a3817f39-2f02-494a-bae3-c0dcb5ecf428
2026-08-01 15:11:47 INFO [drawing-recognition] [MainThread] Frontend texts returned run_id=a3817f39-2f02-494a-bae3-c0dcb5ecf428 count=4
2026-08-01 15:11:47 INFO [drawing-recognition] [MainThread] HTTP response method=GET path=/api/recognition/a3817f39-2f02-494a-bae3-c0dcb5ecf428/texts status=200 elapsed_ms=6.8
2026-08-01 15:11:47 INFO [drawing-recognition] [MainThread] HTTP request method=GET path=/api/recognition/a3817f39-2f02-494a-bae3-c0dcb5ecf428/drawing client=127.0.0.1
2026-08-01 15:11:47 INFO [drawing-recognition] [MainThread] Run loaded run_id=a3817f39-2f02-494a-bae3-c0dcb5ecf428 status=succeeded phase=done
2026-08-01 15:11:47 INFO [drawing-recognition] [MainThread] Frontend drawing returned run_id=a3817f39-2f02-494a-bae3-c0dcb5ecf428 path=C:\work\cad-recognition\backend\data\runtime\renders\a3817f39-2f02-494a-bae3-c0dcb5ecf428.png
2026-08-01 15:11:47 INFO [drawing-recognition] [MainThread] HTTP response method=GET path=/api/recognition/a3817f39-2f02-494a-bae3-c0dcb5ecf428/drawing status=200 elapsed_ms=8.7
2026-08-01 15:13:34 INFO [drawing-recognition] [MainThread] HTTP request method=GET path=/api/recognition/a3817f39-2f02-494a-bae3-c0dcb5ecf428 client=127.0.0.1
2026-08-01 15:13:34 INFO [drawing-recognition] [MainThread] Frontend task requested run_id=a3817f39-2f02-494a-bae3-c0dcb5ecf428
2026-08-01 15:13:34 INFO [drawing-recognition] [MainThread] Run loaded run_id=a3817f39-2f02-494a-bae3-c0dcb5ecf428 status=succeeded phase=done
2026-08-01 15:13:34 INFO [drawing-recognition] [MainThread] Frontend task returned run_id=a3817f39-2f02-494a-bae3-c0dcb5ecf428 status=succeeded phase=done
2026-08-01 15:13:34 INFO [drawing-recognition] [MainThread] HTTP response method=GET path=/api/recognition/a3817f39-2f02-494a-bae3-c0dcb5ecf428 status=200 elapsed_ms=12.4
2026-08-01 15:13:34 INFO [drawing-recognition] [MainThread] HTTP request method=GET path=/api/recognition/a3817f39-2f02-494a-bae3-c0dcb5ecf428 client=127.0.0.1
2026-08-01 15:13:34 INFO [drawing-recognition] [MainThread] Frontend task requested run_id=a3817f39-2f02-494a-bae3-c0dcb5ecf428
2026-08-01 15:13:34 INFO [drawing-recognition] [MainThread] Run loaded run_id=a3817f39-2f02-494a-bae3-c0dcb5ecf428 status=succeeded phase=done
2026-08-01 15:13:34 INFO [drawing-recognition] [MainThread] Frontend task returned run_id=a3817f39-2f02-494a-bae3-c0dcb5ecf428 status=succeeded phase=done
2026-08-01 15:13:34 INFO [drawing-recognition] [MainThread] HTTP response method=GET path=/api/recognition/a3817f39-2f02-494a-bae3-c0dcb5ecf428 status=200 elapsed_ms=13.9
2026-08-01 15:13:34 INFO [drawing-recognition] [MainThread] HTTP request method=GET path=/api/recognition/a3817f39-2f02-494a-bae3-c0dcb5ecf428/tables client=127.0.0.1
2026-08-01 15:13:34 INFO [drawing-recognition] [MainThread] HTTP request method=GET path=/api/recognition/a3817f39-2f02-494a-bae3-c0dcb5ecf428/symbols client=127.0.0.1
2026-08-01 15:13:34 INFO [drawing-recognition] [MainThread] Frontend tables requested run_id=a3817f39-2f02-494a-bae3-c0dcb5ecf428
2026-08-01 15:13:34 INFO [drawing-recognition] [MainThread] Run loaded run_id=a3817f39-2f02-494a-bae3-c0dcb5ecf428 status=succeeded phase=done
2026-08-01 15:13:34 INFO [drawing-recognition] [MainThread] Completed result loaded run_id=a3817f39-2f02-494a-bae3-c0dcb5ecf428
2026-08-01 15:13:34 INFO [drawing-recognition] [MainThread] Frontend symbols requested run_id=a3817f39-2f02-494a-bae3-c0dcb5ecf428
2026-08-01 15:13:34 INFO [drawing-recognition] [MainThread] Run loaded run_id=a3817f39-2f02-494a-bae3-c0dcb5ecf428 status=succeeded phase=done
2026-08-01 15:13:34 INFO [drawing-recognition] [MainThread] Completed result loaded run_id=a3817f39-2f02-494a-bae3-c0dcb5ecf428
2026-08-01 15:13:34 INFO [drawing-recognition] [MainThread] Frontend symbols returned run_id=a3817f39-2f02-494a-bae3-c0dcb5ecf428 count=0
2026-08-01 15:13:34 INFO [drawing-recognition] [MainThread] HTTP request method=GET path=/api/recognition/a3817f39-2f02-494a-bae3-c0dcb5ecf428/texts client=127.0.0.1
2026-08-01 15:13:34 INFO [drawing-recognition] [MainThread] HTTP response method=GET path=/api/recognition/a3817f39-2f02-494a-bae3-c0dcb5ecf428/tables status=200 elapsed_ms=13.6
2026-08-01 15:13:34 INFO [drawing-recognition] [MainThread] HTTP response method=GET path=/api/recognition/a3817f39-2f02-494a-bae3-c0dcb5ecf428/symbols status=200 elapsed_ms=14.2
2026-08-01 15:13:34 INFO [drawing-recognition] [MainThread] Frontend texts requested run_id=a3817f39-2f02-494a-bae3-c0dcb5ecf428
2026-08-01 15:13:34 INFO [drawing-recognition] [MainThread] Run loaded run_id=a3817f39-2f02-494a-bae3-c0dcb5ecf428 status=succeeded phase=done
2026-08-01 15:13:34 INFO [drawing-recognition] [MainThread] Completed result loaded run_id=a3817f39-2f02-494a-bae3-c0dcb5ecf428
2026-08-01 15:13:34 INFO [drawing-recognition] [MainThread] Frontend texts returned run_id=a3817f39-2f02-494a-bae3-c0dcb5ecf428 count=4
2026-08-01 15:13:34 INFO [drawing-recognition] [MainThread] HTTP response method=GET path=/api/recognition/a3817f39-2f02-494a-bae3-c0dcb5ecf428/texts status=200 elapsed_ms=9.2
2026-08-01 15:13:34 INFO [drawing-recognition] [MainThread] HTTP request method=GET path=/api/recognition/a3817f39-2f02-494a-bae3-c0dcb5ecf428/tables client=127.0.0.1
2026-08-01 15:13:34 INFO [drawing-recognition] [MainThread] Frontend tables requested run_id=a3817f39-2f02-494a-bae3-c0dcb5ecf428
2026-08-01 15:13:34 INFO [drawing-recognition] [MainThread] Run loaded run_id=a3817f39-2f02-494a-bae3-c0dcb5ecf428 status=succeeded phase=done
2026-08-01 15:13:34 INFO [drawing-recognition] [MainThread] Completed result loaded run_id=a3817f39-2f02-494a-bae3-c0dcb5ecf428
2026-08-01 15:13:34 INFO [drawing-recognition] [MainThread] HTTP response method=GET path=/api/recognition/a3817f39-2f02-494a-bae3-c0dcb5ecf428/tables status=200 elapsed_ms=6.7
2026-08-01 15:13:34 INFO [drawing-recognition] [MainThread] HTTP request method=GET path=/api/recognition/a3817f39-2f02-494a-bae3-c0dcb5ecf428/symbols client=127.0.0.1
2026-08-01 15:13:34 INFO [drawing-recognition] [MainThread] HTTP request method=GET path=/api/recognition/a3817f39-2f02-494a-bae3-c0dcb5ecf428/texts client=127.0.0.1
2026-08-01 15:13:34 INFO [drawing-recognition] [MainThread] Frontend symbols requested run_id=a3817f39-2f02-494a-bae3-c0dcb5ecf428
2026-08-01 15:13:34 INFO [drawing-recognition] [MainThread] Run loaded run_id=a3817f39-2f02-494a-bae3-c0dcb5ecf428 status=succeeded phase=done
2026-08-01 15:13:34 INFO [drawing-recognition] [MainThread] Completed result loaded run_id=a3817f39-2f02-494a-bae3-c0dcb5ecf428
2026-08-01 15:13:34 INFO [drawing-recognition] [MainThread] Frontend symbols returned run_id=a3817f39-2f02-494a-bae3-c0dcb5ecf428 count=0
2026-08-01 15:13:34 INFO [drawing-recognition] [MainThread] Frontend texts requested run_id=a3817f39-2f02-494a-bae3-c0dcb5ecf428
2026-08-01 15:13:34 INFO [drawing-recognition] [MainThread] Run loaded run_id=a3817f39-2f02-494a-bae3-c0dcb5ecf428 status=succeeded phase=done
2026-08-01 15:13:34 INFO [drawing-recognition] [MainThread] Completed result loaded run_id=a3817f39-2f02-494a-bae3-c0dcb5ecf428
2026-08-01 15:13:34 INFO [drawing-recognition] [MainThread] Frontend texts returned run_id=a3817f39-2f02-494a-bae3-c0dcb5ecf428 count=4
2026-08-01 15:13:34 INFO [drawing-recognition] [MainThread] HTTP response method=GET path=/api/recognition/a3817f39-2f02-494a-bae3-c0dcb5ecf428/symbols status=200 elapsed_ms=13.2
2026-08-01 15:13:34 INFO [drawing-recognition] [MainThread] HTTP response method=GET path=/api/recognition/a3817f39-2f02-494a-bae3-c0dcb5ecf428/texts status=200 elapsed_ms=13.7
2026-08-01 15:15:19 INFO [drawing-recognition] [MainThread] HTTP request method=POST path=/api/upload client=127.0.0.1
2026-08-01 15:15:20 INFO [drawing-recognition] [MainThread] Frontend upload received filename=B电气图.dxf
2026-08-01 15:15:20 INFO [drawing-recognition] [MainThread] Repository initialized database=C:\work\cad-recognition\backend\data\runtime\recognition.db
2026-08-01 15:15:20 INFO [drawing-recognition] [MainThread] Run created run_id=74da2231-b26a-4ba6-8c84-eab009ec6b6d filename=B电气图.dxf file_path=C:\work\cad-recognition\backend\data\runtime\uploads\f9fd02c70ee1443c8fa36ec3c55444fc.dxf
2026-08-01 15:15:20 INFO [drawing-recognition] [MainThread] Analysis queued run_id=74da2231-b26a-4ba6-8c84-eab009ec6b6d drawing_path=C:\work\cad-recognition\backend\data\runtime\uploads\f9fd02c70ee1443c8fa36ec3c55444fc.dxf
2026-08-01 15:15:20 INFO [drawing-recognition] [drawing-recognition_0] Analysis started run_id=74da2231-b26a-4ba6-8c84-eab009ec6b6d drawing_path=C:\work\cad-recognition\backend\data\runtime\uploads\f9fd02c70ee1443c8fa36ec3c55444fc.dxf
2026-08-01 15:15:20 INFO [drawing-recognition] [MainThread] Run creation accepted run_id=74da2231-b26a-4ba6-8c84-eab009ec6b6d filename=B电气图.dxf size_bytes=59876683
2026-08-01 15:15:20 INFO [drawing-recognition] [MainThread] Frontend upload accepted run_id=74da2231-b26a-4ba6-8c84-eab009ec6b6d
2026-08-01 15:15:20 INFO [drawing-recognition] [MainThread] HTTP response method=POST path=/api/upload status=200 elapsed_ms=884.9
2026-08-01 15:15:20 INFO [drawing-recognition] [drawing-recognition_0] Run updated run_id=74da2231-b26a-4ba6-8c84-eab009ec6b6d status=running phase=preflight progress=10 result_saved=False error=
2026-08-01 15:15:20 INFO [drawing-recognition] [drawing-recognition_0] Run updated run_id=74da2231-b26a-4ba6-8c84-eab009ec6b6d status=running phase=vector_parse progress=45 result_saved=False error=
2026-08-01 15:15:22 INFO [drawing-recognition] [MainThread] HTTP request method=GET path=/api/recognition/74da2231-b26a-4ba6-8c84-eab009ec6b6d client=127.0.0.1
2026-08-01 15:15:22 INFO [drawing-recognition] [MainThread] Frontend task requested run_id=74da2231-b26a-4ba6-8c84-eab009ec6b6d
2026-08-01 15:15:22 INFO [drawing-recognition] [MainThread] Run loaded run_id=74da2231-b26a-4ba6-8c84-eab009ec6b6d status=running phase=vector_parse
2026-08-01 15:15:22 INFO [drawing-recognition] [MainThread] Frontend task returned run_id=74da2231-b26a-4ba6-8c84-eab009ec6b6d status=running phase=vector_parse
2026-08-01 15:15:22 INFO [drawing-recognition] [MainThread] HTTP response method=GET path=/api/recognition/74da2231-b26a-4ba6-8c84-eab009ec6b6d status=200 elapsed_ms=187.9
2026-08-01 15:15:24 INFO [drawing-recognition] [MainThread] HTTP request method=GET path=/api/recognition/74da2231-b26a-4ba6-8c84-eab009ec6b6d client=127.0.0.1
2026-08-01 15:15:24 INFO [drawing-recognition] [MainThread] Frontend task requested run_id=74da2231-b26a-4ba6-8c84-eab009ec6b6d
2026-08-01 15:15:24 INFO [drawing-recognition] [MainThread] Run loaded run_id=74da2231-b26a-4ba6-8c84-eab009ec6b6d status=running phase=vector_parse
2026-08-01 15:15:24 INFO [drawing-recognition] [MainThread] Frontend task returned run_id=74da2231-b26a-4ba6-8c84-eab009ec6b6d status=running phase=vector_parse
2026-08-01 15:15:24 INFO [drawing-recognition] [MainThread] HTTP response method=GET path=/api/recognition/74da2231-b26a-4ba6-8c84-eab009ec6b6d status=200 elapsed_ms=248.7
2026-08-01 15:15:26 INFO [drawing-recognition] [MainThread] HTTP request method=GET path=/api/recognition/74da2231-b26a-4ba6-8c84-eab009ec6b6d client=127.0.0.1
2026-08-01 15:15:26 INFO [drawing-recognition] [MainThread] Frontend task requested run_id=74da2231-b26a-4ba6-8c84-eab009ec6b6d
2026-08-01 15:15:26 INFO [drawing-recognition] [MainThread] Run loaded run_id=74da2231-b26a-4ba6-8c84-eab009ec6b6d status=running phase=vector_parse
2026-08-01 15:15:26 INFO [drawing-recognition] [MainThread] Frontend task returned run_id=74da2231-b26a-4ba6-8c84-eab009ec6b6d status=running phase=vector_parse
2026-08-01 15:15:26 INFO [drawing-recognition] [MainThread] HTTP response method=GET path=/api/recognition/74da2231-b26a-4ba6-8c84-eab009ec6b6d status=200 elapsed_ms=253.9
2026-08-01 15:15:28 INFO [drawing-recognition] [MainThread] HTTP request method=GET path=/api/recognition/74da2231-b26a-4ba6-8c84-eab009ec6b6d client=127.0.0.1
2026-08-01 15:15:28 INFO [drawing-recognition] [MainThread] Frontend task requested run_id=74da2231-b26a-4ba6-8c84-eab009ec6b6d
2026-08-01 15:15:28 INFO [drawing-recognition] [MainThread] Run loaded run_id=74da2231-b26a-4ba6-8c84-eab009ec6b6d status=running phase=vector_parse
2026-08-01 15:15:28 INFO [drawing-recognition] [MainThread] Frontend task returned run_id=74da2231-b26a-4ba6-8c84-eab009ec6b6d status=running phase=vector_parse
2026-08-01 15:15:28 INFO [drawing-recognition] [MainThread] HTTP response method=GET path=/api/recognition/74da2231-b26a-4ba6-8c84-eab009ec6b6d status=200 elapsed_ms=220.4
2026-08-01 15:15:30 INFO [drawing-recognition] [MainThread] HTTP request method=GET path=/api/recognition/74da2231-b26a-4ba6-8c84-eab009ec6b6d client=127.0.0.1
2026-08-01 15:15:30 INFO [drawing-recognition] [MainThread] Frontend task requested run_id=74da2231-b26a-4ba6-8c84-eab009ec6b6d
2026-08-01 15:15:30 INFO [drawing-recognition] [MainThread] Run loaded run_id=74da2231-b26a-4ba6-8c84-eab009ec6b6d status=running phase=vector_parse
2026-08-01 15:15:30 INFO [drawing-recognition] [MainThread] Frontend task returned run_id=74da2231-b26a-4ba6-8c84-eab009ec6b6d status=running phase=vector_parse
2026-08-01 15:15:30 INFO [drawing-recognition] [MainThread] HTTP response method=GET path=/api/recognition/74da2231-b26a-4ba6-8c84-eab009ec6b6d status=200 elapsed_ms=382.7
2026-08-01 15:15:32 INFO [drawing-recognition] [MainThread] HTTP request method=GET path=/api/recognition/74da2231-b26a-4ba6-8c84-eab009ec6b6d client=127.0.0.1
2026-08-01 15:15:32 INFO [drawing-recognition] [MainThread] Frontend task requested run_id=74da2231-b26a-4ba6-8c84-eab009ec6b6d
2026-08-01 15:15:32 INFO [drawing-recognition] [MainThread] Run loaded run_id=74da2231-b26a-4ba6-8c84-eab009ec6b6d status=running phase=vector_parse
2026-08-01 15:15:32 INFO [drawing-recognition] [MainThread] Frontend task returned run_id=74da2231-b26a-4ba6-8c84-eab009ec6b6d status=running phase=vector_parse
2026-08-01 15:15:32 INFO [drawing-recognition] [MainThread] HTTP response method=GET path=/api/recognition/74da2231-b26a-4ba6-8c84-eab009ec6b6d status=200 elapsed_ms=433.0
2026-08-01 15:15:34 INFO [drawing-recognition] [MainThread] HTTP request method=GET path=/api/recognition/74da2231-b26a-4ba6-8c84-eab009ec6b6d client=127.0.0.1
2026-08-01 15:15:34 INFO [drawing-recognition] [MainThread] Frontend task requested run_id=74da2231-b26a-4ba6-8c84-eab009ec6b6d
2026-08-01 15:15:34 INFO [drawing-recognition] [MainThread] Run loaded run_id=74da2231-b26a-4ba6-8c84-eab009ec6b6d status=running phase=vector_parse
2026-08-01 15:15:34 INFO [drawing-recognition] [MainThread] Frontend task returned run_id=74da2231-b26a-4ba6-8c84-eab009ec6b6d status=running phase=vector_parse
2026-08-01 15:15:34 INFO [drawing-recognition] [MainThread] HTTP response method=GET path=/api/recognition/74da2231-b26a-4ba6-8c84-eab009ec6b6d status=200 elapsed_ms=450.3
2026-08-01 15:15:36 INFO [drawing-recognition] [MainThread] HTTP request method=GET path=/api/recognition/74da2231-b26a-4ba6-8c84-eab009ec6b6d client=127.0.0.1
2026-08-01 15:15:36 INFO [drawing-recognition] [MainThread] Frontend task requested run_id=74da2231-b26a-4ba6-8c84-eab009ec6b6d
2026-08-01 15:15:36 INFO [drawing-recognition] [MainThread] Run loaded run_id=74da2231-b26a-4ba6-8c84-eab009ec6b6d status=running phase=vector_parse
2026-08-01 15:15:36 INFO [drawing-recognition] [MainThread] Frontend task returned run_id=74da2231-b26a-4ba6-8c84-eab009ec6b6d status=running phase=vector_parse
2026-08-01 15:15:36 INFO [drawing-recognition] [MainThread] HTTP response method=GET path=/api/recognition/74da2231-b26a-4ba6-8c84-eab009ec6b6d status=200 elapsed_ms=515.3
2026-08-01 15:15:38 INFO [drawing-recognition] [MainThread] HTTP request method=GET path=/api/recognition/74da2231-b26a-4ba6-8c84-eab009ec6b6d client=127.0.0.1
2026-08-01 15:15:38 INFO [drawing-recognition] [MainThread] Frontend task requested run_id=74da2231-b26a-4ba6-8c84-eab009ec6b6d
2026-08-01 15:15:38 INFO [drawing-recognition] [MainThread] Run loaded run_id=74da2231-b26a-4ba6-8c84-eab009ec6b6d status=running phase=vector_parse
2026-08-01 15:15:38 INFO [drawing-recognition] [MainThread] Frontend task returned run_id=74da2231-b26a-4ba6-8c84-eab009ec6b6d status=running phase=vector_parse
2026-08-01 15:15:38 INFO [drawing-recognition] [MainThread] HTTP response method=GET path=/api/recognition/74da2231-b26a-4ba6-8c84-eab009ec6b6d status=200 elapsed_ms=16.9
2026-08-01 15:15:40 INFO [drawing-recognition] [MainThread] HTTP request method=GET path=/api/recognition/74da2231-b26a-4ba6-8c84-eab009ec6b6d client=127.0.0.1
2026-08-01 15:15:40 INFO [drawing-recognition] [MainThread] Frontend task requested run_id=74da2231-b26a-4ba6-8c84-eab009ec6b6d
2026-08-01 15:15:40 INFO [drawing-recognition] [MainThread] Run loaded run_id=74da2231-b26a-4ba6-8c84-eab009ec6b6d status=running phase=vector_parse
2026-08-01 15:15:40 INFO [drawing-recognition] [MainThread] Frontend task returned run_id=74da2231-b26a-4ba6-8c84-eab009ec6b6d status=running phase=vector_parse
2026-08-01 15:15:40 INFO [drawing-recognition] [MainThread] HTTP response method=GET path=/api/recognition/74da2231-b26a-4ba6-8c84-eab009ec6b6d status=200 elapsed_ms=249.2
2026-08-01 15:15:42 INFO [drawing-recognition] [MainThread] HTTP request method=GET path=/api/recognition/74da2231-b26a-4ba6-8c84-eab009ec6b6d client=127.0.0.1
2026-08-01 15:15:42 INFO [drawing-recognition] [MainThread] Frontend task requested run_id=74da2231-b26a-4ba6-8c84-eab009ec6b6d
2026-08-01 15:15:42 INFO [drawing-recognition] [MainThread] Run loaded run_id=74da2231-b26a-4ba6-8c84-eab009ec6b6d status=running phase=vector_parse
2026-08-01 15:15:42 INFO [drawing-recognition] [MainThread] Frontend task returned run_id=74da2231-b26a-4ba6-8c84-eab009ec6b6d status=running phase=vector_parse
2026-08-01 15:15:42 INFO [drawing-recognition] [MainThread] HTTP response method=GET path=/api/recognition/74da2231-b26a-4ba6-8c84-eab009ec6b6d status=200 elapsed_ms=413.5
2026-08-01 15:15:44 INFO [drawing-recognition] [MainThread] HTTP request method=GET path=/api/recognition/74da2231-b26a-4ba6-8c84-eab009ec6b6d client=127.0.0.1
2026-08-01 15:15:44 INFO [drawing-recognition] [MainThread] Frontend task requested run_id=74da2231-b26a-4ba6-8c84-eab009ec6b6d
2026-08-01 15:15:44 INFO [drawing-recognition] [MainThread] Run loaded run_id=74da2231-b26a-4ba6-8c84-eab009ec6b6d status=running phase=vector_parse
2026-08-01 15:15:44 INFO [drawing-recognition] [MainThread] Frontend task returned run_id=74da2231-b26a-4ba6-8c84-eab009ec6b6d status=running phase=vector_parse
2026-08-01 15:15:44 INFO [drawing-recognition] [MainThread] HTTP response method=GET path=/api/recognition/74da2231-b26a-4ba6-8c84-eab009ec6b6d status=200 elapsed_ms=362.7
2026-08-01 15:15:46 INFO [drawing-recognition] [MainThread] HTTP request method=GET path=/api/recognition/74da2231-b26a-4ba6-8c84-eab009ec6b6d client=127.0.0.1
2026-08-01 15:15:46 INFO [drawing-recognition] [MainThread] Frontend task requested run_id=74da2231-b26a-4ba6-8c84-eab009ec6b6d
2026-08-01 15:15:46 INFO [drawing-recognition] [MainThread] Run loaded run_id=74da2231-b26a-4ba6-8c84-eab009ec6b6d status=running phase=vector_parse
2026-08-01 15:15:46 INFO [drawing-recognition] [MainThread] Frontend task returned run_id=74da2231-b26a-4ba6-8c84-eab009ec6b6d status=running phase=vector_parse
2026-08-01 15:15:46 INFO [drawing-recognition] [MainThread] HTTP response method=GET path=/api/recognition/74da2231-b26a-4ba6-8c84-eab009ec6b6d status=200 elapsed_ms=170.8
2026-08-01 15:15:48 INFO [drawing-recognition] [MainThread] HTTP request method=GET path=/api/recognition/74da2231-b26a-4ba6-8c84-eab009ec6b6d client=127.0.0.1
2026-08-01 15:15:48 INFO [drawing-recognition] [MainThread] Frontend task requested run_id=74da2231-b26a-4ba6-8c84-eab009ec6b6d
2026-08-01 15:15:48 INFO [drawing-recognition] [MainThread] Run loaded run_id=74da2231-b26a-4ba6-8c84-eab009ec6b6d status=running phase=vector_parse
2026-08-01 15:15:48 INFO [drawing-recognition] [MainThread] Frontend task returned run_id=74da2231-b26a-4ba6-8c84-eab009ec6b6d status=running phase=vector_parse
2026-08-01 15:15:48 INFO [drawing-recognition] [MainThread] HTTP response method=GET path=/api/recognition/74da2231-b26a-4ba6-8c84-eab009ec6b6d status=200 elapsed_ms=268.6
2026-08-01 15:15:50 INFO [drawing-recognition] [MainThread] HTTP request method=GET path=/api/recognition/74da2231-b26a-4ba6-8c84-eab009ec6b6d client=127.0.0.1
2026-08-01 15:15:50 INFO [drawing-recognition] [MainThread] Frontend task requested run_id=74da2231-b26a-4ba6-8c84-eab009ec6b6d
2026-08-01 15:15:50 INFO [drawing-recognition] [MainThread] Run loaded run_id=74da2231-b26a-4ba6-8c84-eab009ec6b6d status=running phase=vector_parse
2026-08-01 15:15:50 INFO [drawing-recognition] [MainThread] Frontend task returned run_id=74da2231-b26a-4ba6-8c84-eab009ec6b6d status=running phase=vector_parse
2026-08-01 15:15:51 INFO [drawing-recognition] [MainThread] HTTP response method=GET path=/api/recognition/74da2231-b26a-4ba6-8c84-eab009ec6b6d status=200 elapsed_ms=499.5
2026-08-01 15:15:52 INFO [drawing-recognition] [MainThread] HTTP request method=GET path=/api/recognition/74da2231-b26a-4ba6-8c84-eab009ec6b6d client=127.0.0.1
2026-08-01 15:15:52 INFO [drawing-recognition] [MainThread] Frontend task requested run_id=74da2231-b26a-4ba6-8c84-eab009ec6b6d
2026-08-01 15:15:52 INFO [drawing-recognition] [MainThread] Run loaded run_id=74da2231-b26a-4ba6-8c84-eab009ec6b6d status=running phase=vector_parse
2026-08-01 15:15:52 INFO [drawing-recognition] [MainThread] Frontend task returned run_id=74da2231-b26a-4ba6-8c84-eab009ec6b6d status=running phase=vector_parse
2026-08-01 15:15:52 INFO [drawing-recognition] [MainThread] HTTP response method=GET path=/api/recognition/74da2231-b26a-4ba6-8c84-eab009ec6b6d status=200 elapsed_ms=483.5
2026-08-01 15:15:54 INFO [drawing-recognition] [MainThread] HTTP request method=GET path=/api/recognition/74da2231-b26a-4ba6-8c84-eab009ec6b6d client=127.0.0.1
2026-08-01 15:15:54 INFO [drawing-recognition] [MainThread] Frontend task requested run_id=74da2231-b26a-4ba6-8c84-eab009ec6b6d
2026-08-01 15:15:54 INFO [drawing-recognition] [MainThread] Run loaded run_id=74da2231-b26a-4ba6-8c84-eab009ec6b6d status=running phase=vector_parse
2026-08-01 15:15:54 INFO [drawing-recognition] [MainThread] Frontend task returned run_id=74da2231-b26a-4ba6-8c84-eab009ec6b6d status=running phase=vector_parse
2026-08-01 15:15:54 INFO [drawing-recognition] [MainThread] HTTP response method=GET path=/api/recognition/74da2231-b26a-4ba6-8c84-eab009ec6b6d status=200 elapsed_ms=464.3
2026-08-01 15:15:56 INFO [drawing-recognition] [MainThread] HTTP request method=GET path=/api/recognition/74da2231-b26a-4ba6-8c84-eab009ec6b6d client=127.0.0.1
2026-08-01 15:15:56 INFO [drawing-recognition] [MainThread] Frontend task requested run_id=74da2231-b26a-4ba6-8c84-eab009ec6b6d
2026-08-01 15:15:56 INFO [drawing-recognition] [MainThread] Run loaded run_id=74da2231-b26a-4ba6-8c84-eab009ec6b6d status=running phase=vector_parse
2026-08-01 15:15:56 INFO [drawing-recognition] [MainThread] Frontend task returned run_id=74da2231-b26a-4ba6-8c84-eab009ec6b6d status=running phase=vector_parse
2026-08-01 15:15:56 INFO [drawing-recognition] [MainThread] HTTP response method=GET path=/api/recognition/74da2231-b26a-4ba6-8c84-eab009ec6b6d status=200 elapsed_ms=432.2
2026-08-01 15:15:58 INFO [drawing-recognition] [MainThread] HTTP request method=GET path=/api/recognition/74da2231-b26a-4ba6-8c84-eab009ec6b6d client=127.0.0.1
2026-08-01 15:15:58 INFO [drawing-recognition] [MainThread] Frontend task requested run_id=74da2231-b26a-4ba6-8c84-eab009ec6b6d
2026-08-01 15:15:58 INFO [drawing-recognition] [MainThread] Run loaded run_id=74da2231-b26a-4ba6-8c84-eab009ec6b6d status=running phase=vector_parse
2026-08-01 15:15:58 INFO [drawing-recognition] [MainThread] Frontend task returned run_id=74da2231-b26a-4ba6-8c84-eab009ec6b6d status=running phase=vector_parse
2026-08-01 15:15:58 INFO [drawing-recognition] [MainThread] HTTP response method=GET path=/api/recognition/74da2231-b26a-4ba6-8c84-eab009ec6b6d status=200 elapsed_ms=466.4
2026-08-01 15:16:00 INFO [drawing-recognition] [MainThread] HTTP request method=GET path=/api/recognition/74da2231-b26a-4ba6-8c84-eab009ec6b6d client=127.0.0.1
2026-08-01 15:16:00 INFO [drawing-recognition] [MainThread] Frontend task requested run_id=74da2231-b26a-4ba6-8c84-eab009ec6b6d
2026-08-01 15:16:00 INFO [drawing-recognition] [MainThread] Run loaded run_id=74da2231-b26a-4ba6-8c84-eab009ec6b6d status=running phase=vector_parse
2026-08-01 15:16:00 INFO [drawing-recognition] [MainThread] Frontend task returned run_id=74da2231-b26a-4ba6-8c84-eab009ec6b6d status=running phase=vector_parse
2026-08-01 15:16:00 INFO [drawing-recognition] [MainThread] HTTP response method=GET path=/api/recognition/74da2231-b26a-4ba6-8c84-eab009ec6b6d status=200 elapsed_ms=465.7
2026-08-01 15:16:02 INFO [drawing-recognition] [MainThread] HTTP request method=GET path=/api/recognition/74da2231-b26a-4ba6-8c84-eab009ec6b6d client=127.0.0.1
2026-08-01 15:16:02 INFO [drawing-recognition] [MainThread] Frontend task requested run_id=74da2231-b26a-4ba6-8c84-eab009ec6b6d
2026-08-01 15:16:02 INFO [drawing-recognition] [MainThread] Run loaded run_id=74da2231-b26a-4ba6-8c84-eab009ec6b6d status=running phase=vector_parse
2026-08-01 15:16:02 INFO [drawing-recognition] [MainThread] Frontend task returned run_id=74da2231-b26a-4ba6-8c84-eab009ec6b6d status=running phase=vector_parse
2026-08-01 15:16:03 INFO [drawing-recognition] [MainThread] HTTP response method=GET path=/api/recognition/74da2231-b26a-4ba6-8c84-eab009ec6b6d status=200 elapsed_ms=451.1
2026-08-01 15:16:04 INFO [drawing-recognition] [MainThread] HTTP request method=GET path=/api/recognition/74da2231-b26a-4ba6-8c84-eab009ec6b6d client=127.0.0.1
2026-08-01 15:16:04 INFO [drawing-recognition] [MainThread] Frontend task requested run_id=74da2231-b26a-4ba6-8c84-eab009ec6b6d
2026-08-01 15:16:04 INFO [drawing-recognition] [MainThread] Run loaded run_id=74da2231-b26a-4ba6-8c84-eab009ec6b6d status=running phase=vector_parse
2026-08-01 15:16:04 INFO [drawing-recognition] [MainThread] Frontend task returned run_id=74da2231-b26a-4ba6-8c84-eab009ec6b6d status=running phase=vector_parse
2026-08-01 15:16:04 INFO [drawing-recognition] [MainThread] HTTP response method=GET path=/api/recognition/74da2231-b26a-4ba6-8c84-eab009ec6b6d status=200 elapsed_ms=467.0
2026-08-01 15:16:06 INFO [drawing-recognition] [MainThread] HTTP request method=GET path=/api/recognition/74da2231-b26a-4ba6-8c84-eab009ec6b6d client=127.0.0.1
2026-08-01 15:16:06 INFO [drawing-recognition] [MainThread] Frontend task requested run_id=74da2231-b26a-4ba6-8c84-eab009ec6b6d
2026-08-01 15:16:06 INFO [drawing-recognition] [MainThread] Run loaded run_id=74da2231-b26a-4ba6-8c84-eab009ec6b6d status=running phase=vector_parse
2026-08-01 15:16:06 INFO [drawing-recognition] [MainThread] Frontend task returned run_id=74da2231-b26a-4ba6-8c84-eab009ec6b6d status=running phase=vector_parse
2026-08-01 15:16:06 INFO [drawing-recognition] [MainThread] HTTP response method=GET path=/api/recognition/74da2231-b26a-4ba6-8c84-eab009ec6b6d status=200 elapsed_ms=465.5
2026-08-01 15:16:08 INFO [drawing-recognition] [MainThread] HTTP request method=GET path=/api/recognition/74da2231-b26a-4ba6-8c84-eab009ec6b6d client=127.0.0.1
2026-08-01 15:16:08 INFO [drawing-recognition] [MainThread] Frontend task requested run_id=74da2231-b26a-4ba6-8c84-eab009ec6b6d
2026-08-01 15:16:08 INFO [drawing-recognition] [MainThread] Run loaded run_id=74da2231-b26a-4ba6-8c84-eab009ec6b6d status=running phase=vector_parse
2026-08-01 15:16:08 INFO [drawing-recognition] [MainThread] Frontend task returned run_id=74da2231-b26a-4ba6-8c84-eab009ec6b6d status=running phase=vector_parse
2026-08-01 15:16:08 INFO [drawing-recognition] [MainThread] HTTP response method=GET path=/api/recognition/74da2231-b26a-4ba6-8c84-eab009ec6b6d status=200 elapsed_ms=438.1
2026-08-01 15:16:10 INFO [drawing-recognition] [MainThread] HTTP request method=GET path=/api/recognition/74da2231-b26a-4ba6-8c84-eab009ec6b6d client=127.0.0.1
2026-08-01 15:16:10 INFO [drawing-recognition] [MainThread] Frontend task requested run_id=74da2231-b26a-4ba6-8c84-eab009ec6b6d
2026-08-01 15:16:10 INFO [drawing-recognition] [MainThread] Run loaded run_id=74da2231-b26a-4ba6-8c84-eab009ec6b6d status=running phase=vector_parse
2026-08-01 15:16:10 INFO [drawing-recognition] [MainThread] Frontend task returned run_id=74da2231-b26a-4ba6-8c84-eab009ec6b6d status=running phase=vector_parse
2026-08-01 15:16:11 INFO [drawing-recognition] [MainThread] HTTP response method=GET path=/api/recognition/74da2231-b26a-4ba6-8c84-eab009ec6b6d status=200 elapsed_ms=431.0
2026-08-01 15:16:12 INFO [drawing-recognition] [MainThread] HTTP request method=GET path=/api/recognition/74da2231-b26a-4ba6-8c84-eab009ec6b6d client=127.0.0.1
2026-08-01 15:16:12 INFO [drawing-recognition] [MainThread] Frontend task requested run_id=74da2231-b26a-4ba6-8c84-eab009ec6b6d
2026-08-01 15:16:12 INFO [drawing-recognition] [MainThread] Run loaded run_id=74da2231-b26a-4ba6-8c84-eab009ec6b6d status=running phase=vector_parse
2026-08-01 15:16:12 INFO [drawing-recognition] [MainThread] Frontend task returned run_id=74da2231-b26a-4ba6-8c84-eab009ec6b6d status=running phase=vector_parse
2026-08-01 15:16:12 INFO [drawing-recognition] [MainThread] HTTP response method=GET path=/api/recognition/74da2231-b26a-4ba6-8c84-eab009ec6b6d status=200 elapsed_ms=449.1
2026-08-01 15:16:14 INFO [drawing-recognition] [MainThread] HTTP request method=GET path=/api/recognition/74da2231-b26a-4ba6-8c84-eab009ec6b6d client=127.0.0.1
2026-08-01 15:16:14 INFO [drawing-recognition] [MainThread] Frontend task requested run_id=74da2231-b26a-4ba6-8c84-eab009ec6b6d
2026-08-01 15:16:14 INFO [drawing-recognition] [MainThread] Run loaded run_id=74da2231-b26a-4ba6-8c84-eab009ec6b6d status=running phase=vector_parse
2026-08-01 15:16:14 INFO [drawing-recognition] [MainThread] Frontend task returned run_id=74da2231-b26a-4ba6-8c84-eab009ec6b6d status=running phase=vector_parse
2026-08-01 15:16:14 INFO [drawing-recognition] [MainThread] HTTP response method=GET path=/api/recognition/74da2231-b26a-4ba6-8c84-eab009ec6b6d status=200 elapsed_ms=432.8
2026-08-01 15:16:16 INFO [drawing-recognition] [MainThread] HTTP request method=GET path=/api/recognition/74da2231-b26a-4ba6-8c84-eab009ec6b6d client=127.0.0.1
2026-08-01 15:16:16 INFO [drawing-recognition] [MainThread] Frontend task requested run_id=74da2231-b26a-4ba6-8c84-eab009ec6b6d
2026-08-01 15:16:16 INFO [drawing-recognition] [MainThread] Run loaded run_id=74da2231-b26a-4ba6-8c84-eab009ec6b6d status=running phase=vector_parse
2026-08-01 15:16:16 INFO [drawing-recognition] [MainThread] Frontend task returned run_id=74da2231-b26a-4ba6-8c84-eab009ec6b6d status=running phase=vector_parse
2026-08-01 15:16:16 INFO [drawing-recognition] [MainThread] HTTP response method=GET path=/api/recognition/74da2231-b26a-4ba6-8c84-eab009ec6b6d status=200 elapsed_ms=415.9
2026-08-01 15:16:18 INFO [drawing-recognition] [MainThread] HTTP request method=GET path=/api/recognition/74da2231-b26a-4ba6-8c84-eab009ec6b6d client=127.0.0.1
2026-08-01 15:16:18 INFO [drawing-recognition] [MainThread] Frontend task requested run_id=74da2231-b26a-4ba6-8c84-eab009ec6b6d
2026-08-01 15:16:19 INFO [drawing-recognition] [MainThread] Run loaded run_id=74da2231-b26a-4ba6-8c84-eab009ec6b6d status=running phase=vector_parse
2026-08-01 15:16:19 INFO [drawing-recognition] [MainThread] Frontend task returned run_id=74da2231-b26a-4ba6-8c84-eab009ec6b6d status=running phase=vector_parse
2026-08-01 15:16:19 INFO [drawing-recognition] [MainThread] HTTP response method=GET path=/api/recognition/74da2231-b26a-4ba6-8c84-eab009ec6b6d status=200 elapsed_ms=434.2
2026-08-01 15:16:20 INFO [drawing-recognition] [MainThread] HTTP request method=GET path=/api/recognition/74da2231-b26a-4ba6-8c84-eab009ec6b6d client=127.0.0.1
2026-08-01 15:16:20 INFO [drawing-recognition] [MainThread] Frontend task requested run_id=74da2231-b26a-4ba6-8c84-eab009ec6b6d
2026-08-01 15:16:20 INFO [drawing-recognition] [MainThread] Run loaded run_id=74da2231-b26a-4ba6-8c84-eab009ec6b6d status=running phase=vector_parse
2026-08-01 15:16:20 INFO [drawing-recognition] [MainThread] Frontend task returned run_id=74da2231-b26a-4ba6-8c84-eab009ec6b6d status=running phase=vector_parse
2026-08-01 15:16:20 INFO [drawing-recognition] [MainThread] HTTP response method=GET path=/api/recognition/74da2231-b26a-4ba6-8c84-eab009ec6b6d status=200 elapsed_ms=465.8
2026-08-01 15:16:22 INFO [drawing-recognition] [MainThread] HTTP request method=GET path=/api/recognition/74da2231-b26a-4ba6-8c84-eab009ec6b6d client=127.0.0.1
2026-08-01 15:16:22 INFO [drawing-recognition] [MainThread] Frontend task requested run_id=74da2231-b26a-4ba6-8c84-eab009ec6b6d
2026-08-01 15:16:22 INFO [drawing-recognition] [MainThread] Run loaded run_id=74da2231-b26a-4ba6-8c84-eab009ec6b6d status=running phase=vector_parse
2026-08-01 15:16:22 INFO [drawing-recognition] [MainThread] Frontend task returned run_id=74da2231-b26a-4ba6-8c84-eab009ec6b6d status=running phase=vector_parse
2026-08-01 15:16:22 INFO [drawing-recognition] [MainThread] HTTP response method=GET path=/api/recognition/74da2231-b26a-4ba6-8c84-eab009ec6b6d status=200 elapsed_ms=295.7
2026-08-01 15:16:24 INFO [drawing-recognition] [MainThread] HTTP request method=GET path=/api/recognition/74da2231-b26a-4ba6-8c84-eab009ec6b6d client=127.0.0.1
2026-08-01 15:16:24 INFO [drawing-recognition] [MainThread] Frontend task requested run_id=74da2231-b26a-4ba6-8c84-eab009ec6b6d
2026-08-01 15:16:24 INFO [drawing-recognition] [MainThread] Run loaded run_id=74da2231-b26a-4ba6-8c84-eab009ec6b6d status=running phase=vector_parse
2026-08-01 15:16:24 INFO [drawing-recognition] [MainThread] Frontend task returned run_id=74da2231-b26a-4ba6-8c84-eab009ec6b6d status=running phase=vector_parse
2026-08-01 15:16:24 INFO [drawing-recognition] [MainThread] HTTP response method=GET path=/api/recognition/74da2231-b26a-4ba6-8c84-eab009ec6b6d status=200 elapsed_ms=399.9
2026-08-01 15:16:26 INFO [drawing-recognition] [MainThread] HTTP request method=GET path=/api/recognition/74da2231-b26a-4ba6-8c84-eab009ec6b6d client=127.0.0.1
2026-08-01 15:16:26 INFO [drawing-recognition] [MainThread] Frontend task requested run_id=74da2231-b26a-4ba6-8c84-eab009ec6b6d
2026-08-01 15:16:26 INFO [drawing-recognition] [MainThread] Run loaded run_id=74da2231-b26a-4ba6-8c84-eab009ec6b6d status=running phase=vector_parse
2026-08-01 15:16:26 INFO [drawing-recognition] [MainThread] Frontend task returned run_id=74da2231-b26a-4ba6-8c84-eab009ec6b6d status=running phase=vector_parse
2026-08-01 15:16:26 INFO [drawing-recognition] [MainThread] HTTP response method=GET path=/api/recognition/74da2231-b26a-4ba6-8c84-eab009ec6b6d status=200 elapsed_ms=448.3
2026-08-01 15:16:28 INFO [drawing-recognition] [MainThread] HTTP request method=GET path=/api/recognition/74da2231-b26a-4ba6-8c84-eab009ec6b6d client=127.0.0.1
2026-08-01 15:16:28 INFO [drawing-recognition] [MainThread] Frontend task requested run_id=74da2231-b26a-4ba6-8c84-eab009ec6b6d
2026-08-01 15:16:28 INFO [drawing-recognition] [MainThread] Run loaded run_id=74da2231-b26a-4ba6-8c84-eab009ec6b6d status=running phase=vector_parse
2026-08-01 15:16:28 INFO [drawing-recognition] [MainThread] Frontend task returned run_id=74da2231-b26a-4ba6-8c84-eab009ec6b6d status=running phase=vector_parse
2026-08-01 15:16:28 INFO [drawing-recognition] [MainThread] HTTP response method=GET path=/api/recognition/74da2231-b26a-4ba6-8c84-eab009ec6b6d status=200 elapsed_ms=500.6
2026-08-01 15:16:30 INFO [drawing-recognition] [MainThread] HTTP request method=GET path=/api/recognition/74da2231-b26a-4ba6-8c84-eab009ec6b6d client=127.0.0.1
2026-08-01 15:16:30 INFO [drawing-recognition] [MainThread] Frontend task requested run_id=74da2231-b26a-4ba6-8c84-eab009ec6b6d
2026-08-01 15:16:30 INFO [drawing-recognition] [MainThread] Run loaded run_id=74da2231-b26a-4ba6-8c84-eab009ec6b6d status=running phase=vector_parse
2026-08-01 15:16:30 INFO [drawing-recognition] [MainThread] Frontend task returned run_id=74da2231-b26a-4ba6-8c84-eab009ec6b6d status=running phase=vector_parse
2026-08-01 15:16:30 INFO [drawing-recognition] [MainThread] HTTP response method=GET path=/api/recognition/74da2231-b26a-4ba6-8c84-eab009ec6b6d status=200 elapsed_ms=482.8
2026-08-01 15:16:32 INFO [drawing-recognition] [MainThread] HTTP request method=GET path=/api/recognition/74da2231-b26a-4ba6-8c84-eab009ec6b6d client=127.0.0.1
2026-08-01 15:16:32 INFO [drawing-recognition] [MainThread] Frontend task requested run_id=74da2231-b26a-4ba6-8c84-eab009ec6b6d
2026-08-01 15:16:32 INFO [drawing-recognition] [MainThread] Run loaded run_id=74da2231-b26a-4ba6-8c84-eab009ec6b6d status=running phase=vector_parse
2026-08-01 15:16:32 INFO [drawing-recognition] [MainThread] Frontend task returned run_id=74da2231-b26a-4ba6-8c84-eab009ec6b6d status=running phase=vector_parse
2026-08-01 15:16:32 INFO [drawing-recognition] [MainThread] HTTP response method=GET path=/api/recognition/74da2231-b26a-4ba6-8c84-eab009ec6b6d status=200 elapsed_ms=499.4
2026-08-01 15:16:34 INFO [drawing-recognition] [MainThread] HTTP request method=GET path=/api/recognition/74da2231-b26a-4ba6-8c84-eab009ec6b6d client=127.0.0.1
2026-08-01 15:16:34 INFO [drawing-recognition] [MainThread] Frontend task requested run_id=74da2231-b26a-4ba6-8c84-eab009ec6b6d
2026-08-01 15:16:34 INFO [drawing-recognition] [MainThread] Run loaded run_id=74da2231-b26a-4ba6-8c84-eab009ec6b6d status=running phase=vector_parse
2026-08-01 15:16:34 INFO [drawing-recognition] [MainThread] Frontend task returned run_id=74da2231-b26a-4ba6-8c84-eab009ec6b6d status=running phase=vector_parse
2026-08-01 15:16:34 INFO [drawing-recognition] [MainThread] HTTP response method=GET path=/api/recognition/74da2231-b26a-4ba6-8c84-eab009ec6b6d status=200 elapsed_ms=407.0
2026-08-01 15:16:36 INFO [drawing-recognition] [MainThread] HTTP request method=GET path=/api/recognition/74da2231-b26a-4ba6-8c84-eab009ec6b6d client=127.0.0.1
2026-08-01 15:16:36 INFO [drawing-recognition] [MainThread] Frontend task requested run_id=74da2231-b26a-4ba6-8c84-eab009ec6b6d
2026-08-01 15:16:36 INFO [drawing-recognition] [MainThread] Run loaded run_id=74da2231-b26a-4ba6-8c84-eab009ec6b6d status=running phase=vector_parse
2026-08-01 15:16:36 INFO [drawing-recognition] [MainThread] Frontend task returned run_id=74da2231-b26a-4ba6-8c84-eab009ec6b6d status=running phase=vector_parse
2026-08-01 15:16:37 INFO [drawing-recognition] [MainThread] HTTP response method=GET path=/api/recognition/74da2231-b26a-4ba6-8c84-eab009ec6b6d status=200 elapsed_ms=483.2
2026-08-01 15:16:38 INFO [drawing-recognition] [MainThread] HTTP request method=GET path=/api/recognition/74da2231-b26a-4ba6-8c84-eab009ec6b6d client=127.0.0.1
2026-08-01 15:16:38 INFO [drawing-recognition] [MainThread] Frontend task requested run_id=74da2231-b26a-4ba6-8c84-eab009ec6b6d
2026-08-01 15:16:38 INFO [drawing-recognition] [MainThread] Run loaded run_id=74da2231-b26a-4ba6-8c84-eab009ec6b6d status=running phase=vector_parse
2026-08-01 15:16:38 INFO [drawing-recognition] [MainThread] Frontend task returned run_id=74da2231-b26a-4ba6-8c84-eab009ec6b6d status=running phase=vector_parse
2026-08-01 15:16:38 INFO [drawing-recognition] [MainThread] HTTP response method=GET path=/api/recognition/74da2231-b26a-4ba6-8c84-eab009ec6b6d status=200 elapsed_ms=467.1
2026-08-01 15:16:40 INFO [drawing-recognition] [MainThread] HTTP request method=GET path=/api/recognition/74da2231-b26a-4ba6-8c84-eab009ec6b6d client=127.0.0.1
2026-08-01 15:16:40 INFO [drawing-recognition] [MainThread] Frontend task requested run_id=74da2231-b26a-4ba6-8c84-eab009ec6b6d
2026-08-01 15:16:40 INFO [drawing-recognition] [MainThread] Run loaded run_id=74da2231-b26a-4ba6-8c84-eab009ec6b6d status=running phase=vector_parse
2026-08-01 15:16:40 INFO [drawing-recognition] [MainThread] Frontend task returned run_id=74da2231-b26a-4ba6-8c84-eab009ec6b6d status=running phase=vector_parse
2026-08-01 15:16:40 INFO [drawing-recognition] [MainThread] HTTP response method=GET path=/api/recognition/74da2231-b26a-4ba6-8c84-eab009ec6b6d status=200 elapsed_ms=416.8
2026-08-01 15:16:42 INFO [drawing-recognition] [MainThread] HTTP request method=GET path=/api/recognition/74da2231-b26a-4ba6-8c84-eab009ec6b6d client=127.0.0.1
2026-08-01 15:16:42 INFO [drawing-recognition] [MainThread] Frontend task requested run_id=74da2231-b26a-4ba6-8c84-eab009ec6b6d
2026-08-01 15:16:42 INFO [drawing-recognition] [MainThread] Run loaded run_id=74da2231-b26a-4ba6-8c84-eab009ec6b6d status=running phase=vector_parse
2026-08-01 15:16:42 INFO [drawing-recognition] [MainThread] Frontend task returned run_id=74da2231-b26a-4ba6-8c84-eab009ec6b6d status=running phase=vector_parse
2026-08-01 15:16:42 INFO [drawing-recognition] [MainThread] HTTP response method=GET path=/api/recognition/74da2231-b26a-4ba6-8c84-eab009ec6b6d status=200 elapsed_ms=417.5
2026-08-01 15:16:44 INFO [drawing-recognition] [MainThread] HTTP request method=GET path=/api/recognition/74da2231-b26a-4ba6-8c84-eab009ec6b6d client=127.0.0.1
2026-08-01 15:16:44 INFO [drawing-recognition] [MainThread] Frontend task requested run_id=74da2231-b26a-4ba6-8c84-eab009ec6b6d
2026-08-01 15:16:44 INFO [drawing-recognition] [MainThread] Run loaded run_id=74da2231-b26a-4ba6-8c84-eab009ec6b6d status=running phase=vector_parse
2026-08-01 15:16:44 INFO [drawing-recognition] [MainThread] Frontend task returned run_id=74da2231-b26a-4ba6-8c84-eab009ec6b6d status=running phase=vector_parse
2026-08-01 15:16:44 INFO [drawing-recognition] [MainThread] HTTP response method=GET path=/api/recognition/74da2231-b26a-4ba6-8c84-eab009ec6b6d status=200 elapsed_ms=449.0
2026-08-01 15:16:46 INFO [drawing-recognition] [MainThread] HTTP request method=GET path=/api/recognition/74da2231-b26a-4ba6-8c84-eab009ec6b6d client=127.0.0.1
2026-08-01 15:16:46 INFO [drawing-recognition] [MainThread] Frontend task requested run_id=74da2231-b26a-4ba6-8c84-eab009ec6b6d
2026-08-01 15:16:46 INFO [drawing-recognition] [MainThread] Run loaded run_id=74da2231-b26a-4ba6-8c84-eab009ec6b6d status=running phase=vector_parse
2026-08-01 15:16:46 INFO [drawing-recognition] [MainThread] Frontend task returned run_id=74da2231-b26a-4ba6-8c84-eab009ec6b6d status=running phase=vector_parse
2026-08-01 15:16:46 INFO [drawing-recognition] [MainThread] HTTP response method=GET path=/api/recognition/74da2231-b26a-4ba6-8c84-eab009ec6b6d status=200 elapsed_ms=515.5
2026-08-01 15:16:48 INFO [drawing-recognition] [MainThread] HTTP request method=GET path=/api/recognition/74da2231-b26a-4ba6-8c84-eab009ec6b6d client=127.0.0.1
2026-08-01 15:16:48 INFO [drawing-recognition] [MainThread] Frontend task requested run_id=74da2231-b26a-4ba6-8c84-eab009ec6b6d
2026-08-01 15:16:48 INFO [drawing-recognition] [MainThread] Run loaded run_id=74da2231-b26a-4ba6-8c84-eab009ec6b6d status=running phase=vector_parse
2026-08-01 15:16:48 INFO [drawing-recognition] [MainThread] Frontend task returned run_id=74da2231-b26a-4ba6-8c84-eab009ec6b6d status=running phase=vector_parse
2026-08-01 15:16:48 INFO [drawing-recognition] [MainThread] HTTP response method=GET path=/api/recognition/74da2231-b26a-4ba6-8c84-eab009ec6b6d status=200 elapsed_ms=450.0
2026-08-01 15:16:50 INFO [drawing-recognition] [MainThread] HTTP request method=GET path=/api/recognition/74da2231-b26a-4ba6-8c84-eab009ec6b6d client=127.0.0.1
2026-08-01 15:16:50 INFO [drawing-recognition] [MainThread] Frontend task requested run_id=74da2231-b26a-4ba6-8c84-eab009ec6b6d
2026-08-01 15:16:50 INFO [drawing-recognition] [MainThread] Run loaded run_id=74da2231-b26a-4ba6-8c84-eab009ec6b6d status=running phase=vector_parse
2026-08-01 15:16:50 INFO [drawing-recognition] [MainThread] Frontend task returned run_id=74da2231-b26a-4ba6-8c84-eab009ec6b6d status=running phase=vector_parse
2026-08-01 15:16:50 INFO [drawing-recognition] [MainThread] HTTP response method=GET path=/api/recognition/74da2231-b26a-4ba6-8c84-eab009ec6b6d status=200 elapsed_ms=515.4
2026-08-01 15:16:52 INFO [drawing-recognition] [MainThread] HTTP request method=GET path=/api/recognition/74da2231-b26a-4ba6-8c84-eab009ec6b6d client=127.0.0.1
2026-08-01 15:16:52 INFO [drawing-recognition] [MainThread] Frontend task requested run_id=74da2231-b26a-4ba6-8c84-eab009ec6b6d
2026-08-01 15:16:52 INFO [drawing-recognition] [MainThread] Run loaded run_id=74da2231-b26a-4ba6-8c84-eab009ec6b6d status=running phase=vector_parse
2026-08-01 15:16:52 INFO [drawing-recognition] [MainThread] Frontend task returned run_id=74da2231-b26a-4ba6-8c84-eab009ec6b6d status=running phase=vector_parse
2026-08-01 15:16:52 INFO [drawing-recognition] [MainThread] HTTP response method=GET path=/api/recognition/74da2231-b26a-4ba6-8c84-eab009ec6b6d status=200 elapsed_ms=432.3
2026-08-01 15:16:54 INFO [drawing-recognition] [MainThread] HTTP request method=GET path=/api/recognition/74da2231-b26a-4ba6-8c84-eab009ec6b6d client=127.0.0.1
2026-08-01 15:16:54 INFO [drawing-recognition] [MainThread] Frontend task requested run_id=74da2231-b26a-4ba6-8c84-eab009ec6b6d
2026-08-01 15:16:54 INFO [drawing-recognition] [MainThread] Run loaded run_id=74da2231-b26a-4ba6-8c84-eab009ec6b6d status=running phase=vector_parse
2026-08-01 15:16:54 INFO [drawing-recognition] [MainThread] Frontend task returned run_id=74da2231-b26a-4ba6-8c84-eab009ec6b6d status=running phase=vector_parse
2026-08-01 15:16:54 INFO [drawing-recognition] [MainThread] HTTP response method=GET path=/api/recognition/74da2231-b26a-4ba6-8c84-eab009ec6b6d status=200 elapsed_ms=418.4
2026-08-01 15:16:56 INFO [drawing-recognition] [MainThread] HTTP request method=GET path=/api/recognition/74da2231-b26a-4ba6-8c84-eab009ec6b6d client=127.0.0.1
2026-08-01 15:16:56 INFO [drawing-recognition] [MainThread] Frontend task requested run_id=74da2231-b26a-4ba6-8c84-eab009ec6b6d
2026-08-01 15:16:56 INFO [drawing-recognition] [MainThread] Run loaded run_id=74da2231-b26a-4ba6-8c84-eab009ec6b6d status=running phase=vector_parse
2026-08-01 15:16:56 INFO [drawing-recognition] [MainThread] Frontend task returned run_id=74da2231-b26a-4ba6-8c84-eab009ec6b6d status=running phase=vector_parse
2026-08-01 15:16:56 INFO [drawing-recognition] [MainThread] HTTP response method=GET path=/api/recognition/74da2231-b26a-4ba6-8c84-eab009ec6b6d status=200 elapsed_ms=416.9
2026-08-01 15:16:58 INFO [drawing-recognition] [MainThread] HTTP request method=GET path=/api/recognition/74da2231-b26a-4ba6-8c84-eab009ec6b6d client=127.0.0.1
2026-08-01 15:16:58 INFO [drawing-recognition] [MainThread] Frontend task requested run_id=74da2231-b26a-4ba6-8c84-eab009ec6b6d
2026-08-01 15:16:58 INFO [drawing-recognition] [MainThread] Run loaded run_id=74da2231-b26a-4ba6-8c84-eab009ec6b6d status=running phase=vector_parse
2026-08-01 15:16:58 INFO [drawing-recognition] [MainThread] Frontend task returned run_id=74da2231-b26a-4ba6-8c84-eab009ec6b6d status=running phase=vector_parse
2026-08-01 15:16:59 INFO [drawing-recognition] [MainThread] HTTP response method=GET path=/api/recognition/74da2231-b26a-4ba6-8c84-eab009ec6b6d status=200 elapsed_ms=497.9
2026-08-01 15:17:00 INFO [drawing-recognition] [MainThread] HTTP request method=GET path=/api/recognition/74da2231-b26a-4ba6-8c84-eab009ec6b6d client=127.0.0.1
2026-08-01 15:17:00 INFO [drawing-recognition] [MainThread] Frontend task requested run_id=74da2231-b26a-4ba6-8c84-eab009ec6b6d
2026-08-01 15:17:00 INFO [drawing-recognition] [MainThread] Run loaded run_id=74da2231-b26a-4ba6-8c84-eab009ec6b6d status=running phase=vector_parse
2026-08-01 15:17:00 INFO [drawing-recognition] [MainThread] Frontend task returned run_id=74da2231-b26a-4ba6-8c84-eab009ec6b6d status=running phase=vector_parse
2026-08-01 15:17:00 INFO [drawing-recognition] [MainThread] HTTP response method=GET path=/api/recognition/74da2231-b26a-4ba6-8c84-eab009ec6b6d status=200 elapsed_ms=499.0
2026-08-01 15:17:02 INFO [drawing-recognition] [MainThread] HTTP request method=GET path=/api/recognition/74da2231-b26a-4ba6-8c84-eab009ec6b6d client=127.0.0.1
2026-08-01 15:17:02 INFO [drawing-recognition] [MainThread] Frontend task requested run_id=74da2231-b26a-4ba6-8c84-eab009ec6b6d
2026-08-01 15:17:02 INFO [drawing-recognition] [MainThread] Run loaded run_id=74da2231-b26a-4ba6-8c84-eab009ec6b6d status=running phase=vector_parse
2026-08-01 15:17:02 INFO [drawing-recognition] [MainThread] Frontend task returned run_id=74da2231-b26a-4ba6-8c84-eab009ec6b6d status=running phase=vector_parse
2026-08-01 15:17:02 INFO [drawing-recognition] [MainThread] HTTP response method=GET path=/api/recognition/74da2231-b26a-4ba6-8c84-eab009ec6b6d status=200 elapsed_ms=482.1
2026-08-01 15:17:04 INFO [drawing-recognition] [MainThread] HTTP request method=GET path=/api/recognition/74da2231-b26a-4ba6-8c84-eab009ec6b6d client=127.0.0.1
2026-08-01 15:17:04 INFO [drawing-recognition] [MainThread] Frontend task requested run_id=74da2231-b26a-4ba6-8c84-eab009ec6b6d
2026-08-01 15:17:05 INFO [drawing-recognition] [MainThread] Run loaded run_id=74da2231-b26a-4ba6-8c84-eab009ec6b6d status=running phase=vector_parse
2026-08-01 15:17:05 INFO [drawing-recognition] [MainThread] Frontend task returned run_id=74da2231-b26a-4ba6-8c84-eab009ec6b6d status=running phase=vector_parse
2026-08-01 15:17:05 INFO [drawing-recognition] [MainThread] HTTP response method=GET path=/api/recognition/74da2231-b26a-4ba6-8c84-eab009ec6b6d status=200 elapsed_ms=1165.3
2026-08-01 15:17:06 INFO [drawing-recognition] [MainThread] HTTP request method=GET path=/api/recognition/74da2231-b26a-4ba6-8c84-eab009ec6b6d client=127.0.0.1
2026-08-01 15:17:06 INFO [drawing-recognition] [MainThread] Frontend task requested run_id=74da2231-b26a-4ba6-8c84-eab009ec6b6d
2026-08-01 15:17:06 INFO [drawing-recognition] [MainThread] Run loaded run_id=74da2231-b26a-4ba6-8c84-eab009ec6b6d status=running phase=vector_parse
2026-08-01 15:17:06 INFO [drawing-recognition] [MainThread] Frontend task returned run_id=74da2231-b26a-4ba6-8c84-eab009ec6b6d status=running phase=vector_parse
2026-08-01 15:17:06 INFO [drawing-recognition] [MainThread] HTTP response method=GET path=/api/recognition/74da2231-b26a-4ba6-8c84-eab009ec6b6d status=200 elapsed_ms=416.5
2026-08-01 15:17:08 INFO [drawing-recognition] [MainThread] HTTP request method=GET path=/api/recognition/74da2231-b26a-4ba6-8c84-eab009ec6b6d client=127.0.0.1
2026-08-01 15:17:08 INFO [drawing-recognition] [MainThread] Frontend task requested run_id=74da2231-b26a-4ba6-8c84-eab009ec6b6d
2026-08-01 15:17:08 INFO [drawing-recognition] [MainThread] Run loaded run_id=74da2231-b26a-4ba6-8c84-eab009ec6b6d status=running phase=vector_parse
2026-08-01 15:17:08 INFO [drawing-recognition] [MainThread] Frontend task returned run_id=74da2231-b26a-4ba6-8c84-eab009ec6b6d status=running phase=vector_parse
2026-08-01 15:17:08 INFO [drawing-recognition] [MainThread] HTTP response method=GET path=/api/recognition/74da2231-b26a-4ba6-8c84-eab009ec6b6d status=200 elapsed_ms=433.3
2026-08-01 15:17:10 INFO [drawing-recognition] [MainThread] HTTP request method=GET path=/api/recognition/74da2231-b26a-4ba6-8c84-eab009ec6b6d client=127.0.0.1
2026-08-01 15:17:10 INFO [drawing-recognition] [MainThread] Frontend task requested run_id=74da2231-b26a-4ba6-8c84-eab009ec6b6d
2026-08-01 15:17:10 INFO [drawing-recognition] [MainThread] Run loaded run_id=74da2231-b26a-4ba6-8c84-eab009ec6b6d status=running phase=vector_parse
2026-08-01 15:17:10 INFO [drawing-recognition] [MainThread] Frontend task returned run_id=74da2231-b26a-4ba6-8c84-eab009ec6b6d status=running phase=vector_parse
2026-08-01 15:17:10 INFO [drawing-recognition] [MainThread] HTTP response method=GET path=/api/recognition/74da2231-b26a-4ba6-8c84-eab009ec6b6d status=200 elapsed_ms=482.8
2026-08-01 15:17:12 INFO [drawing-recognition] [MainThread] HTTP request method=GET path=/api/recognition/74da2231-b26a-4ba6-8c84-eab009ec6b6d client=127.0.0.1
2026-08-01 15:17:12 INFO [drawing-recognition] [MainThread] Frontend task requested run_id=74da2231-b26a-4ba6-8c84-eab009ec6b6d
2026-08-01 15:17:12 INFO [drawing-recognition] [MainThread] Run loaded run_id=74da2231-b26a-4ba6-8c84-eab009ec6b6d status=running phase=vector_parse
2026-08-01 15:17:12 INFO [drawing-recognition] [MainThread] Frontend task returned run_id=74da2231-b26a-4ba6-8c84-eab009ec6b6d status=running phase=vector_parse
2026-08-01 15:17:12 INFO [drawing-recognition] [MainThread] HTTP response method=GET path=/api/recognition/74da2231-b26a-4ba6-8c84-eab009ec6b6d status=200 elapsed_ms=433.3
2026-08-01 15:17:14 INFO [drawing-recognition] [MainThread] HTTP request method=GET path=/api/recognition/74da2231-b26a-4ba6-8c84-eab009ec6b6d client=127.0.0.1
2026-08-01 15:17:14 INFO [drawing-recognition] [MainThread] Frontend task requested run_id=74da2231-b26a-4ba6-8c84-eab009ec6b6d
2026-08-01 15:17:14 INFO [drawing-recognition] [MainThread] Run loaded run_id=74da2231-b26a-4ba6-8c84-eab009ec6b6d status=running phase=vector_parse
2026-08-01 15:17:14 INFO [drawing-recognition] [MainThread] Frontend task returned run_id=74da2231-b26a-4ba6-8c84-eab009ec6b6d status=running phase=vector_parse
2026-08-01 15:17:14 INFO [drawing-recognition] [MainThread] HTTP response method=GET path=/api/recognition/74da2231-b26a-4ba6-8c84-eab009ec6b6d status=200 elapsed_ms=398.7
2026-08-01 15:17:16 INFO [drawing-recognition] [MainThread] HTTP request method=GET path=/api/recognition/74da2231-b26a-4ba6-8c84-eab009ec6b6d client=127.0.0.1
2026-08-01 15:17:16 INFO [drawing-recognition] [MainThread] Frontend task requested run_id=74da2231-b26a-4ba6-8c84-eab009ec6b6d
2026-08-01 15:17:16 INFO [drawing-recognition] [MainThread] Run loaded run_id=74da2231-b26a-4ba6-8c84-eab009ec6b6d status=running phase=vector_parse
2026-08-01 15:17:16 INFO [drawing-recognition] [MainThread] Frontend task returned run_id=74da2231-b26a-4ba6-8c84-eab009ec6b6d status=running phase=vector_parse
2026-08-01 15:17:16 INFO [drawing-recognition] [MainThread] HTTP response method=GET path=/api/recognition/74da2231-b26a-4ba6-8c84-eab009ec6b6d status=200 elapsed_ms=449.3
2026-08-01 15:17:18 INFO [drawing-recognition] [MainThread] HTTP request method=GET path=/api/recognition/74da2231-b26a-4ba6-8c84-eab009ec6b6d client=127.0.0.1
2026-08-01 15:17:18 INFO [drawing-recognition] [MainThread] Frontend task requested run_id=74da2231-b26a-4ba6-8c84-eab009ec6b6d
2026-08-01 15:17:18 INFO [drawing-recognition] [MainThread] Run loaded run_id=74da2231-b26a-4ba6-8c84-eab009ec6b6d status=running phase=vector_parse
2026-08-01 15:17:18 INFO [drawing-recognition] [MainThread] Frontend task returned run_id=74da2231-b26a-4ba6-8c84-eab009ec6b6d status=running phase=vector_parse
2026-08-01 15:17:18 INFO [drawing-recognition] [MainThread] HTTP response method=GET path=/api/recognition/74da2231-b26a-4ba6-8c84-eab009ec6b6d status=200 elapsed_ms=415.5
2026-08-01 15:17:20 INFO [drawing-recognition] [MainThread] HTTP request method=GET path=/api/recognition/74da2231-b26a-4ba6-8c84-eab009ec6b6d client=127.0.0.1
2026-08-01 15:17:20 INFO [drawing-recognition] [MainThread] Frontend task requested run_id=74da2231-b26a-4ba6-8c84-eab009ec6b6d
2026-08-01 15:17:20 INFO [drawing-recognition] [MainThread] Run loaded run_id=74da2231-b26a-4ba6-8c84-eab009ec6b6d status=running phase=vector_parse
2026-08-01 15:17:20 INFO [drawing-recognition] [MainThread] Frontend task returned run_id=74da2231-b26a-4ba6-8c84-eab009ec6b6d status=running phase=vector_parse
2026-08-01 15:17:20 INFO [drawing-recognition] [MainThread] HTTP response method=GET path=/api/recognition/74da2231-b26a-4ba6-8c84-eab009ec6b6d status=200 elapsed_ms=398.2
2026-08-01 15:17:22 INFO [drawing-recognition] [MainThread] HTTP request method=GET path=/api/recognition/74da2231-b26a-4ba6-8c84-eab009ec6b6d client=127.0.0.1
2026-08-01 15:17:22 INFO [drawing-recognition] [MainThread] Frontend task requested run_id=74da2231-b26a-4ba6-8c84-eab009ec6b6d
2026-08-01 15:17:22 INFO [drawing-recognition] [MainThread] Run loaded run_id=74da2231-b26a-4ba6-8c84-eab009ec6b6d status=running phase=vector_parse
2026-08-01 15:17:22 INFO [drawing-recognition] [MainThread] Frontend task returned run_id=74da2231-b26a-4ba6-8c84-eab009ec6b6d status=running phase=vector_parse
2026-08-01 15:17:22 INFO [drawing-recognition] [MainThread] HTTP response method=GET path=/api/recognition/74da2231-b26a-4ba6-8c84-eab009ec6b6d status=200 elapsed_ms=417.1
2026-08-01 15:17:24 INFO [drawing-recognition] [MainThread] HTTP request method=GET path=/api/recognition/74da2231-b26a-4ba6-8c84-eab009ec6b6d client=127.0.0.1
2026-08-01 15:17:24 INFO [drawing-recognition] [MainThread] Frontend task requested run_id=74da2231-b26a-4ba6-8c84-eab009ec6b6d
2026-08-01 15:17:24 INFO [drawing-recognition] [MainThread] Run loaded run_id=74da2231-b26a-4ba6-8c84-eab009ec6b6d status=running phase=vector_parse
2026-08-01 15:17:24 INFO [drawing-recognition] [MainThread] Frontend task returned run_id=74da2231-b26a-4ba6-8c84-eab009ec6b6d status=running phase=vector_parse
2026-08-01 15:17:24 INFO [drawing-recognition] [MainThread] HTTP response method=GET path=/api/recognition/74da2231-b26a-4ba6-8c84-eab009ec6b6d status=200 elapsed_ms=154.4
2026-08-01 15:17:26 INFO [drawing-recognition] [MainThread] HTTP request method=GET path=/api/recognition/74da2231-b26a-4ba6-8c84-eab009ec6b6d client=127.0.0.1
2026-08-01 15:17:26 INFO [drawing-recognition] [MainThread] Frontend task requested run_id=74da2231-b26a-4ba6-8c84-eab009ec6b6d
2026-08-01 15:17:26 INFO [drawing-recognition] [MainThread] Run loaded run_id=74da2231-b26a-4ba6-8c84-eab009ec6b6d status=running phase=vector_parse
2026-08-01 15:17:26 INFO [drawing-recognition] [MainThread] Frontend task returned run_id=74da2231-b26a-4ba6-8c84-eab009ec6b6d status=running phase=vector_parse
2026-08-01 15:17:26 INFO [drawing-recognition] [MainThread] HTTP response method=GET path=/api/recognition/74da2231-b26a-4ba6-8c84-eab009ec6b6d status=200 elapsed_ms=99.5
2026-08-01 15:17:28 INFO [drawing-recognition] [MainThread] HTTP request method=GET path=/api/recognition/74da2231-b26a-4ba6-8c84-eab009ec6b6d client=127.0.0.1
2026-08-01 15:17:28 INFO [drawing-recognition] [MainThread] Frontend task requested run_id=74da2231-b26a-4ba6-8c84-eab009ec6b6d
2026-08-01 15:17:28 INFO [drawing-recognition] [MainThread] Run loaded run_id=74da2231-b26a-4ba6-8c84-eab009ec6b6d status=running phase=vector_parse
2026-08-01 15:17:28 INFO [drawing-recognition] [MainThread] Frontend task returned run_id=74da2231-b26a-4ba6-8c84-eab009ec6b6d status=running phase=vector_parse
2026-08-01 15:17:28 INFO [drawing-recognition] [MainThread] HTTP response method=GET path=/api/recognition/74da2231-b26a-4ba6-8c84-eab009ec6b6d status=200 elapsed_ms=80.5
2026-08-01 15:17:30 INFO [drawing-recognition] [MainThread] HTTP request method=GET path=/api/recognition/74da2231-b26a-4ba6-8c84-eab009ec6b6d client=127.0.0.1
2026-08-01 15:17:30 INFO [drawing-recognition] [MainThread] Frontend task requested run_id=74da2231-b26a-4ba6-8c84-eab009ec6b6d
2026-08-01 15:17:30 INFO [drawing-recognition] [MainThread] Run loaded run_id=74da2231-b26a-4ba6-8c84-eab009ec6b6d status=running phase=vector_parse
2026-08-01 15:17:30 INFO [drawing-recognition] [MainThread] Frontend task returned run_id=74da2231-b26a-4ba6-8c84-eab009ec6b6d status=running phase=vector_parse
2026-08-01 15:17:30 INFO [drawing-recognition] [MainThread] HTTP response method=GET path=/api/recognition/74da2231-b26a-4ba6-8c84-eab009ec6b6d status=200 elapsed_ms=80.6
2026-08-01 15:17:32 INFO [drawing-recognition] [MainThread] HTTP request method=GET path=/api/recognition/74da2231-b26a-4ba6-8c84-eab009ec6b6d client=127.0.0.1
2026-08-01 15:17:32 INFO [drawing-recognition] [MainThread] Frontend task requested run_id=74da2231-b26a-4ba6-8c84-eab009ec6b6d
2026-08-01 15:17:32 INFO [drawing-recognition] [MainThread] Run loaded run_id=74da2231-b26a-4ba6-8c84-eab009ec6b6d status=running phase=vector_parse
2026-08-01 15:17:32 INFO [drawing-recognition] [MainThread] Frontend task returned run_id=74da2231-b26a-4ba6-8c84-eab009ec6b6d status=running phase=vector_parse
2026-08-01 15:17:32 INFO [drawing-recognition] [MainThread] HTTP response method=GET path=/api/recognition/74da2231-b26a-4ba6-8c84-eab009ec6b6d status=200 elapsed_ms=78.1
2026-08-01 15:17:33 INFO [drawing-recognition] [drawing-recognition_0] Run updated run_id=74da2231-b26a-4ba6-8c84-eab009ec6b6d status=running phase=fusion progress=80 result_saved=False error=
2026-08-01 15:17:33 INFO [drawing-recognition] [drawing-recognition_0] Run updated run_id=74da2231-b26a-4ba6-8c84-eab009ec6b6d status=succeeded phase=done progress=100 result_saved=True error=
2026-08-01 15:17:33 INFO [drawing-recognition] [drawing-recognition_0] Analysis succeeded run_id=74da2231-b26a-4ba6-8c84-eab009ec6b6d components=0 texts=4 render_path=C:\work\cad-recognition\backend\data\runtime\renders\74da2231-b26a-4ba6-8c84-eab009ec6b6d.png
2026-08-01 15:17:34 INFO [drawing-recognition] [MainThread] HTTP request method=GET path=/api/recognition/74da2231-b26a-4ba6-8c84-eab009ec6b6d client=127.0.0.1
2026-08-01 15:17:34 INFO [drawing-recognition] [MainThread] Frontend task requested run_id=74da2231-b26a-4ba6-8c84-eab009ec6b6d
2026-08-01 15:17:34 INFO [drawing-recognition] [MainThread] Run loaded run_id=74da2231-b26a-4ba6-8c84-eab009ec6b6d status=succeeded phase=done
2026-08-01 15:17:34 INFO [drawing-recognition] [MainThread] Frontend task returned run_id=74da2231-b26a-4ba6-8c84-eab009ec6b6d status=succeeded phase=done
2026-08-01 15:17:34 INFO [drawing-recognition] [MainThread] HTTP response method=GET path=/api/recognition/74da2231-b26a-4ba6-8c84-eab009ec6b6d status=200 elapsed_ms=6.7
2026-08-01 15:17:34 INFO [drawing-recognition] [MainThread] HTTP request method=GET path=/api/recognition/74da2231-b26a-4ba6-8c84-eab009ec6b6d client=127.0.0.1
2026-08-01 15:17:34 INFO [drawing-recognition] [MainThread] Frontend task requested run_id=74da2231-b26a-4ba6-8c84-eab009ec6b6d
2026-08-01 15:17:34 INFO [drawing-recognition] [MainThread] Run loaded run_id=74da2231-b26a-4ba6-8c84-eab009ec6b6d status=succeeded phase=done
2026-08-01 15:17:34 INFO [drawing-recognition] [MainThread] Frontend task returned run_id=74da2231-b26a-4ba6-8c84-eab009ec6b6d status=succeeded phase=done
2026-08-01 15:17:34 INFO [drawing-recognition] [MainThread] HTTP response method=GET path=/api/recognition/74da2231-b26a-4ba6-8c84-eab009ec6b6d status=200 elapsed_ms=8.2
2026-08-01 15:17:34 INFO [drawing-recognition] [MainThread] HTTP request method=GET path=/api/recognition/74da2231-b26a-4ba6-8c84-eab009ec6b6d client=127.0.0.1
2026-08-01 15:17:34 INFO [drawing-recognition] [MainThread] Frontend task requested run_id=74da2231-b26a-4ba6-8c84-eab009ec6b6d
2026-08-01 15:17:34 INFO [drawing-recognition] [MainThread] Run loaded run_id=74da2231-b26a-4ba6-8c84-eab009ec6b6d status=succeeded phase=done
2026-08-01 15:17:34 INFO [drawing-recognition] [MainThread] Frontend task returned run_id=74da2231-b26a-4ba6-8c84-eab009ec6b6d status=succeeded phase=done
2026-08-01 15:17:34 INFO [drawing-recognition] [MainThread] HTTP response method=GET path=/api/recognition/74da2231-b26a-4ba6-8c84-eab009ec6b6d status=200 elapsed_ms=12.1
2026-08-01 15:17:34 INFO [drawing-recognition] [MainThread] HTTP request method=GET path=/api/recognition/74da2231-b26a-4ba6-8c84-eab009ec6b6d/symbols client=127.0.0.1
2026-08-01 15:17:34 INFO [drawing-recognition] [MainThread] HTTP request method=GET path=/api/recognition/74da2231-b26a-4ba6-8c84-eab009ec6b6d/texts client=127.0.0.1
2026-08-01 15:17:34 INFO [drawing-recognition] [MainThread] HTTP request method=GET path=/api/recognition/74da2231-b26a-4ba6-8c84-eab009ec6b6d/tables client=127.0.0.1
2026-08-01 15:17:34 INFO [drawing-recognition] [MainThread] Frontend symbols requested run_id=74da2231-b26a-4ba6-8c84-eab009ec6b6d
2026-08-01 15:17:34 INFO [drawing-recognition] [MainThread] Run loaded run_id=74da2231-b26a-4ba6-8c84-eab009ec6b6d status=succeeded phase=done
2026-08-01 15:17:34 INFO [drawing-recognition] [MainThread] Completed result loaded run_id=74da2231-b26a-4ba6-8c84-eab009ec6b6d
2026-08-01 15:17:34 INFO [drawing-recognition] [MainThread] Frontend symbols returned run_id=74da2231-b26a-4ba6-8c84-eab009ec6b6d count=0
2026-08-01 15:17:34 INFO [drawing-recognition] [MainThread] Frontend texts requested run_id=74da2231-b26a-4ba6-8c84-eab009ec6b6d
2026-08-01 15:17:34 INFO [drawing-recognition] [MainThread] Run loaded run_id=74da2231-b26a-4ba6-8c84-eab009ec6b6d status=succeeded phase=done
2026-08-01 15:17:34 INFO [drawing-recognition] [MainThread] Completed result loaded run_id=74da2231-b26a-4ba6-8c84-eab009ec6b6d
2026-08-01 15:17:34 INFO [drawing-recognition] [MainThread] Frontend texts returned run_id=74da2231-b26a-4ba6-8c84-eab009ec6b6d count=4
2026-08-01 15:17:34 INFO [drawing-recognition] [MainThread] Frontend tables requested run_id=74da2231-b26a-4ba6-8c84-eab009ec6b6d
2026-08-01 15:17:34 INFO [drawing-recognition] [MainThread] Run loaded run_id=74da2231-b26a-4ba6-8c84-eab009ec6b6d status=succeeded phase=done
2026-08-01 15:17:34 INFO [drawing-recognition] [MainThread] Completed result loaded run_id=74da2231-b26a-4ba6-8c84-eab009ec6b6d
2026-08-01 15:17:34 INFO [drawing-recognition] [MainThread] HTTP response method=GET path=/api/recognition/74da2231-b26a-4ba6-8c84-eab009ec6b6d/symbols status=200 elapsed_ms=16.9
2026-08-01 15:17:34 INFO [drawing-recognition] [MainThread] HTTP response method=GET path=/api/recognition/74da2231-b26a-4ba6-8c84-eab009ec6b6d/texts status=200 elapsed_ms=17.0
2026-08-01 15:17:34 INFO [drawing-recognition] [MainThread] HTTP response method=GET path=/api/recognition/74da2231-b26a-4ba6-8c84-eab009ec6b6d/tables status=200 elapsed_ms=17.2
2026-08-01 15:17:34 INFO [drawing-recognition] [MainThread] HTTP request method=GET path=/api/recognition/74da2231-b26a-4ba6-8c84-eab009ec6b6d/symbols client=127.0.0.1
2026-08-01 15:17:34 INFO [drawing-recognition] [MainThread] Frontend symbols requested run_id=74da2231-b26a-4ba6-8c84-eab009ec6b6d
2026-08-01 15:17:34 INFO [drawing-recognition] [MainThread] Run loaded run_id=74da2231-b26a-4ba6-8c84-eab009ec6b6d status=succeeded phase=done
2026-08-01 15:17:34 INFO [drawing-recognition] [MainThread] Completed result loaded run_id=74da2231-b26a-4ba6-8c84-eab009ec6b6d
2026-08-01 15:17:34 INFO [drawing-recognition] [MainThread] Frontend symbols returned run_id=74da2231-b26a-4ba6-8c84-eab009ec6b6d count=0
2026-08-01 15:17:34 INFO [drawing-recognition] [MainThread] HTTP response method=GET path=/api/recognition/74da2231-b26a-4ba6-8c84-eab009ec6b6d/symbols status=200 elapsed_ms=5.0
2026-08-01 15:17:34 INFO [drawing-recognition] [MainThread] HTTP request method=GET path=/api/recognition/74da2231-b26a-4ba6-8c84-eab009ec6b6d/texts client=127.0.0.1
2026-08-01 15:17:34 INFO [drawing-recognition] [MainThread] HTTP request method=GET path=/api/recognition/74da2231-b26a-4ba6-8c84-eab009ec6b6d/tables client=127.0.0.1
2026-08-01 15:17:34 INFO [drawing-recognition] [MainThread] Frontend texts requested run_id=74da2231-b26a-4ba6-8c84-eab009ec6b6d
2026-08-01 15:17:34 INFO [drawing-recognition] [MainThread] Run loaded run_id=74da2231-b26a-4ba6-8c84-eab009ec6b6d status=succeeded phase=done
2026-08-01 15:17:34 INFO [drawing-recognition] [MainThread] Completed result loaded run_id=74da2231-b26a-4ba6-8c84-eab009ec6b6d
2026-08-01 15:17:34 INFO [drawing-recognition] [MainThread] Frontend texts returned run_id=74da2231-b26a-4ba6-8c84-eab009ec6b6d count=4
2026-08-01 15:17:34 INFO [drawing-recognition] [MainThread] Frontend tables requested run_id=74da2231-b26a-4ba6-8c84-eab009ec6b6d
2026-08-01 15:17:34 INFO [drawing-recognition] [MainThread] Run loaded run_id=74da2231-b26a-4ba6-8c84-eab009ec6b6d status=succeeded phase=done
2026-08-01 15:17:34 INFO [drawing-recognition] [MainThread] Completed result loaded run_id=74da2231-b26a-4ba6-8c84-eab009ec6b6d
2026-08-01 15:17:34 INFO [drawing-recognition] [MainThread] HTTP response method=GET path=/api/recognition/74da2231-b26a-4ba6-8c84-eab009ec6b6d/texts status=200 elapsed_ms=9.9
2026-08-01 15:17:34 INFO [drawing-recognition] [MainThread] HTTP response method=GET path=/api/recognition/74da2231-b26a-4ba6-8c84-eab009ec6b6d/tables status=200 elapsed_ms=10.0
2026-08-01 15:17:34 INFO [drawing-recognition] [MainThread] HTTP request method=GET path=/api/recognition/74da2231-b26a-4ba6-8c84-eab009ec6b6d/drawing client=127.0.0.1
2026-08-01 15:17:34 INFO [drawing-recognition] [MainThread] Run loaded run_id=74da2231-b26a-4ba6-8c84-eab009ec6b6d status=succeeded phase=done
2026-08-01 15:17:34 INFO [drawing-recognition] [MainThread] Frontend drawing returned run_id=74da2231-b26a-4ba6-8c84-eab009ec6b6d path=C:\work\cad-recognition\backend\data\runtime\renders\74da2231-b26a-4ba6-8c84-eab009ec6b6d.png
2026-08-01 15:17:34 INFO [drawing-recognition] [MainThread] HTTP response method=GET path=/api/recognition/74da2231-b26a-4ba6-8c84-eab009ec6b6d/drawing status=200 elapsed_ms=8.3
2026-08-01 15:23:33 INFO [drawing-recognition] [MainThread] HTTP request method=POST path=/api/upload client=127.0.0.1
2026-08-01 15:23:33 INFO [drawing-recognition] [MainThread] Frontend upload received filename=B电气图.dxf
2026-08-01 15:23:34 INFO [drawing-recognition] [MainThread] Repository initialized database=C:\work\cad-recognition\backend\data\runtime\recognition.db
2026-08-01 15:23:34 INFO [drawing-recognition] [MainThread] Run created run_id=5ac35ce2-bfb3-4435-9600-ed30f3d62781 filename=B电气图.dxf file_path=C:\work\cad-recognition\backend\data\runtime\uploads\6c3822e603f748a2bac59f7b03b4b84e.dxf
2026-08-01 15:23:34 INFO [drawing-recognition] [MainThread] Analysis queued run_id=5ac35ce2-bfb3-4435-9600-ed30f3d62781 drawing_path=C:\work\cad-recognition\backend\data\runtime\uploads\6c3822e603f748a2bac59f7b03b4b84e.dxf
2026-08-01 15:23:34 INFO [drawing-recognition] [drawing-recognition_0] Analysis started run_id=5ac35ce2-bfb3-4435-9600-ed30f3d62781 drawing_path=C:\work\cad-recognition\backend\data\runtime\uploads\6c3822e603f748a2bac59f7b03b4b84e.dxf
2026-08-01 15:23:34 INFO [drawing-recognition] [MainThread] Run creation accepted run_id=5ac35ce2-bfb3-4435-9600-ed30f3d62781 filename=B电气图.dxf size_bytes=59876683
2026-08-01 15:23:34 INFO [drawing-recognition] [MainThread] Frontend upload accepted run_id=5ac35ce2-bfb3-4435-9600-ed30f3d62781
2026-08-01 15:23:34 INFO [drawing-recognition] [MainThread] HTTP response method=POST path=/api/upload status=200 elapsed_ms=893.2
2026-08-01 15:23:34 INFO [drawing-recognition] [drawing-recognition_0] Run updated run_id=5ac35ce2-bfb3-4435-9600-ed30f3d62781 status=running phase=preflight progress=10 result_saved=False error=
2026-08-01 15:23:34 INFO [drawing-recognition] [drawing-recognition_0] Run updated run_id=5ac35ce2-bfb3-4435-9600-ed30f3d62781 status=running phase=vector_parse progress=45 result_saved=False error=
2026-08-01 15:23:36 INFO [drawing-recognition] [MainThread] HTTP request method=GET path=/api/recognition/5ac35ce2-bfb3-4435-9600-ed30f3d62781 client=127.0.0.1
2026-08-01 15:23:36 INFO [drawing-recognition] [MainThread] Frontend task requested run_id=5ac35ce2-bfb3-4435-9600-ed30f3d62781
2026-08-01 15:23:36 INFO [drawing-recognition] [MainThread] Run loaded run_id=5ac35ce2-bfb3-4435-9600-ed30f3d62781 status=running phase=vector_parse
2026-08-01 15:23:36 INFO [drawing-recognition] [MainThread] Frontend task returned run_id=5ac35ce2-bfb3-4435-9600-ed30f3d62781 status=running phase=vector_parse
2026-08-01 15:23:36 INFO [drawing-recognition] [MainThread] HTTP response method=GET path=/api/recognition/5ac35ce2-bfb3-4435-9600-ed30f3d62781 status=200 elapsed_ms=233.3
2026-08-01 15:23:38 INFO [drawing-recognition] [MainThread] HTTP request method=GET path=/api/recognition/5ac35ce2-bfb3-4435-9600-ed30f3d62781 client=127.0.0.1
2026-08-01 15:23:38 INFO [drawing-recognition] [MainThread] Frontend task requested run_id=5ac35ce2-bfb3-4435-9600-ed30f3d62781
2026-08-01 15:23:38 INFO [drawing-recognition] [MainThread] Run loaded run_id=5ac35ce2-bfb3-4435-9600-ed30f3d62781 status=running phase=vector_parse
2026-08-01 15:23:38 INFO [drawing-recognition] [MainThread] Frontend task returned run_id=5ac35ce2-bfb3-4435-9600-ed30f3d62781 status=running phase=vector_parse
2026-08-01 15:23:38 INFO [drawing-recognition] [MainThread] HTTP response method=GET path=/api/recognition/5ac35ce2-bfb3-4435-9600-ed30f3d62781 status=200 elapsed_ms=300.8
2026-08-01 15:23:40 INFO [drawing-recognition] [MainThread] HTTP request method=GET path=/api/recognition/5ac35ce2-bfb3-4435-9600-ed30f3d62781 client=127.0.0.1
2026-08-01 15:23:40 INFO [drawing-recognition] [MainThread] Frontend task requested run_id=5ac35ce2-bfb3-4435-9600-ed30f3d62781
2026-08-01 15:23:40 INFO [drawing-recognition] [MainThread] Run loaded run_id=5ac35ce2-bfb3-4435-9600-ed30f3d62781 status=running phase=vector_parse
2026-08-01 15:23:40 INFO [drawing-recognition] [MainThread] Frontend task returned run_id=5ac35ce2-bfb3-4435-9600-ed30f3d62781 status=running phase=vector_parse
2026-08-01 15:23:40 INFO [drawing-recognition] [MainThread] HTTP response method=GET path=/api/recognition/5ac35ce2-bfb3-4435-9600-ed30f3d62781 status=200 elapsed_ms=251.5
2026-08-01 15:23:42 INFO [drawing-recognition] [MainThread] HTTP request method=GET path=/api/recognition/5ac35ce2-bfb3-4435-9600-ed30f3d62781 client=127.0.0.1
2026-08-01 15:23:42 INFO [drawing-recognition] [MainThread] Frontend task requested run_id=5ac35ce2-bfb3-4435-9600-ed30f3d62781
2026-08-01 15:23:42 INFO [drawing-recognition] [MainThread] Run loaded run_id=5ac35ce2-bfb3-4435-9600-ed30f3d62781 status=running phase=vector_parse
2026-08-01 15:23:42 INFO [drawing-recognition] [MainThread] Frontend task returned run_id=5ac35ce2-bfb3-4435-9600-ed30f3d62781 status=running phase=vector_parse
2026-08-01 15:23:42 INFO [drawing-recognition] [MainThread] HTTP response method=GET path=/api/recognition/5ac35ce2-bfb3-4435-9600-ed30f3d62781 status=200 elapsed_ms=214.7
2026-08-01 15:23:44 INFO [drawing-recognition] [MainThread] HTTP request method=GET path=/api/recognition/5ac35ce2-bfb3-4435-9600-ed30f3d62781 client=127.0.0.1
2026-08-01 15:23:44 INFO [drawing-recognition] [MainThread] Frontend task requested run_id=5ac35ce2-bfb3-4435-9600-ed30f3d62781
2026-08-01 15:23:44 INFO [drawing-recognition] [MainThread] Run loaded run_id=5ac35ce2-bfb3-4435-9600-ed30f3d62781 status=running phase=vector_parse
2026-08-01 15:23:44 INFO [drawing-recognition] [MainThread] Frontend task returned run_id=5ac35ce2-bfb3-4435-9600-ed30f3d62781 status=running phase=vector_parse
2026-08-01 15:23:44 INFO [drawing-recognition] [MainThread] HTTP response method=GET path=/api/recognition/5ac35ce2-bfb3-4435-9600-ed30f3d62781 status=200 elapsed_ms=482.7
2026-08-01 15:23:46 INFO [drawing-recognition] [MainThread] HTTP request method=GET path=/api/recognition/5ac35ce2-bfb3-4435-9600-ed30f3d62781 client=127.0.0.1
2026-08-01 15:23:46 INFO [drawing-recognition] [MainThread] Frontend task requested run_id=5ac35ce2-bfb3-4435-9600-ed30f3d62781
2026-08-01 15:23:46 INFO [drawing-recognition] [MainThread] Run loaded run_id=5ac35ce2-bfb3-4435-9600-ed30f3d62781 status=running phase=vector_parse
2026-08-01 15:23:46 INFO [drawing-recognition] [MainThread] Frontend task returned run_id=5ac35ce2-bfb3-4435-9600-ed30f3d62781 status=running phase=vector_parse
2026-08-01 15:23:46 INFO [drawing-recognition] [MainThread] HTTP response method=GET path=/api/recognition/5ac35ce2-bfb3-4435-9600-ed30f3d62781 status=200 elapsed_ms=415.9
2026-08-01 15:23:48 INFO [drawing-recognition] [MainThread] HTTP request method=GET path=/api/recognition/5ac35ce2-bfb3-4435-9600-ed30f3d62781 client=127.0.0.1
2026-08-01 15:23:48 INFO [drawing-recognition] [MainThread] Frontend task requested run_id=5ac35ce2-bfb3-4435-9600-ed30f3d62781
2026-08-01 15:23:48 INFO [drawing-recognition] [MainThread] Run loaded run_id=5ac35ce2-bfb3-4435-9600-ed30f3d62781 status=running phase=vector_parse
2026-08-01 15:23:48 INFO [drawing-recognition] [MainThread] Frontend task returned run_id=5ac35ce2-bfb3-4435-9600-ed30f3d62781 status=running phase=vector_parse
2026-08-01 15:23:48 INFO [drawing-recognition] [MainThread] HTTP response method=GET path=/api/recognition/5ac35ce2-bfb3-4435-9600-ed30f3d62781 status=200 elapsed_ms=433.6
2026-08-01 15:23:50 INFO [drawing-recognition] [MainThread] HTTP request method=GET path=/api/recognition/5ac35ce2-bfb3-4435-9600-ed30f3d62781 client=127.0.0.1
2026-08-01 15:23:50 INFO [drawing-recognition] [MainThread] Frontend task requested run_id=5ac35ce2-bfb3-4435-9600-ed30f3d62781
2026-08-01 15:23:50 INFO [drawing-recognition] [MainThread] Run loaded run_id=5ac35ce2-bfb3-4435-9600-ed30f3d62781 status=running phase=vector_parse
2026-08-01 15:23:50 INFO [drawing-recognition] [MainThread] Frontend task returned run_id=5ac35ce2-bfb3-4435-9600-ed30f3d62781 status=running phase=vector_parse
2026-08-01 15:23:50 INFO [drawing-recognition] [MainThread] HTTP response method=GET path=/api/recognition/5ac35ce2-bfb3-4435-9600-ed30f3d62781 status=200 elapsed_ms=466.1
2026-08-01 15:23:52 INFO [drawing-recognition] [MainThread] HTTP request method=GET path=/api/recognition/5ac35ce2-bfb3-4435-9600-ed30f3d62781 client=127.0.0.1
2026-08-01 15:23:52 INFO [drawing-recognition] [MainThread] Frontend task requested run_id=5ac35ce2-bfb3-4435-9600-ed30f3d62781
2026-08-01 15:23:52 INFO [drawing-recognition] [MainThread] Run loaded run_id=5ac35ce2-bfb3-4435-9600-ed30f3d62781 status=running phase=vector_parse
2026-08-01 15:23:52 INFO [drawing-recognition] [MainThread] Frontend task returned run_id=5ac35ce2-bfb3-4435-9600-ed30f3d62781 status=running phase=vector_parse
2026-08-01 15:23:52 INFO [drawing-recognition] [MainThread] HTTP response method=GET path=/api/recognition/5ac35ce2-bfb3-4435-9600-ed30f3d62781 status=200 elapsed_ms=8.8
2026-08-01 15:23:54 INFO [drawing-recognition] [MainThread] HTTP request method=GET path=/api/recognition/5ac35ce2-bfb3-4435-9600-ed30f3d62781 client=127.0.0.1
2026-08-01 15:23:54 INFO [drawing-recognition] [MainThread] Frontend task requested run_id=5ac35ce2-bfb3-4435-9600-ed30f3d62781
2026-08-01 15:23:54 INFO [drawing-recognition] [MainThread] Run loaded run_id=5ac35ce2-bfb3-4435-9600-ed30f3d62781 status=running phase=vector_parse
2026-08-01 15:23:54 INFO [drawing-recognition] [MainThread] Frontend task returned run_id=5ac35ce2-bfb3-4435-9600-ed30f3d62781 status=running phase=vector_parse
2026-08-01 15:23:54 INFO [drawing-recognition] [MainThread] HTTP response method=GET path=/api/recognition/5ac35ce2-bfb3-4435-9600-ed30f3d62781 status=200 elapsed_ms=198.3
2026-08-01 15:23:56 INFO [drawing-recognition] [MainThread] HTTP request method=GET path=/api/recognition/5ac35ce2-bfb3-4435-9600-ed30f3d62781 client=127.0.0.1
2026-08-01 15:23:56 INFO [drawing-recognition] [MainThread] Frontend task requested run_id=5ac35ce2-bfb3-4435-9600-ed30f3d62781
2026-08-01 15:23:56 INFO [drawing-recognition] [MainThread] Run loaded run_id=5ac35ce2-bfb3-4435-9600-ed30f3d62781 status=running phase=vector_parse
2026-08-01 15:23:56 INFO [drawing-recognition] [MainThread] Frontend task returned run_id=5ac35ce2-bfb3-4435-9600-ed30f3d62781 status=running phase=vector_parse
2026-08-01 15:23:56 INFO [drawing-recognition] [MainThread] HTTP response method=GET path=/api/recognition/5ac35ce2-bfb3-4435-9600-ed30f3d62781 status=200 elapsed_ms=215.2
2026-08-01 15:23:58 INFO [drawing-recognition] [MainThread] HTTP request method=GET path=/api/recognition/5ac35ce2-bfb3-4435-9600-ed30f3d62781 client=127.0.0.1
2026-08-01 15:23:58 INFO [drawing-recognition] [MainThread] Frontend task requested run_id=5ac35ce2-bfb3-4435-9600-ed30f3d62781
2026-08-01 15:23:58 INFO [drawing-recognition] [MainThread] Run loaded run_id=5ac35ce2-bfb3-4435-9600-ed30f3d62781 status=running phase=vector_parse
2026-08-01 15:23:58 INFO [drawing-recognition] [MainThread] Frontend task returned run_id=5ac35ce2-bfb3-4435-9600-ed30f3d62781 status=running phase=vector_parse
2026-08-01 15:23:58 INFO [drawing-recognition] [MainThread] HTTP response method=GET path=/api/recognition/5ac35ce2-bfb3-4435-9600-ed30f3d62781 status=200 elapsed_ms=366.1
2026-08-01 15:24:00 INFO [drawing-recognition] [MainThread] HTTP request method=GET path=/api/recognition/5ac35ce2-bfb3-4435-9600-ed30f3d62781 client=127.0.0.1
2026-08-01 15:24:00 INFO [drawing-recognition] [MainThread] Frontend task requested run_id=5ac35ce2-bfb3-4435-9600-ed30f3d62781
2026-08-01 15:24:00 INFO [drawing-recognition] [MainThread] Run loaded run_id=5ac35ce2-bfb3-4435-9600-ed30f3d62781 status=running phase=vector_parse
2026-08-01 15:24:00 INFO [drawing-recognition] [MainThread] Frontend task returned run_id=5ac35ce2-bfb3-4435-9600-ed30f3d62781 status=running phase=vector_parse
2026-08-01 15:24:00 INFO [drawing-recognition] [MainThread] HTTP response method=GET path=/api/recognition/5ac35ce2-bfb3-4435-9600-ed30f3d62781 status=200 elapsed_ms=483.2
2026-08-01 15:24:02 INFO [drawing-recognition] [MainThread] HTTP request method=GET path=/api/recognition/5ac35ce2-bfb3-4435-9600-ed30f3d62781 client=127.0.0.1
2026-08-01 15:24:02 INFO [drawing-recognition] [MainThread] Frontend task requested run_id=5ac35ce2-bfb3-4435-9600-ed30f3d62781
2026-08-01 15:24:02 INFO [drawing-recognition] [MainThread] Run loaded run_id=5ac35ce2-bfb3-4435-9600-ed30f3d62781 status=running phase=vector_parse
2026-08-01 15:24:02 INFO [drawing-recognition] [MainThread] Frontend task returned run_id=5ac35ce2-bfb3-4435-9600-ed30f3d62781 status=running phase=vector_parse
2026-08-01 15:24:02 INFO [drawing-recognition] [MainThread] HTTP response method=GET path=/api/recognition/5ac35ce2-bfb3-4435-9600-ed30f3d62781 status=200 elapsed_ms=496.5
2026-08-01 15:24:04 INFO [drawing-recognition] [MainThread] HTTP request method=GET path=/api/recognition/5ac35ce2-bfb3-4435-9600-ed30f3d62781 client=127.0.0.1
2026-08-01 15:24:04 INFO [drawing-recognition] [MainThread] Frontend task requested run_id=5ac35ce2-bfb3-4435-9600-ed30f3d62781
2026-08-01 15:24:04 INFO [drawing-recognition] [MainThread] Run loaded run_id=5ac35ce2-bfb3-4435-9600-ed30f3d62781 status=running phase=vector_parse
2026-08-01 15:24:04 INFO [drawing-recognition] [MainThread] Frontend task returned run_id=5ac35ce2-bfb3-4435-9600-ed30f3d62781 status=running phase=vector_parse
2026-08-01 15:24:04 INFO [drawing-recognition] [MainThread] HTTP response method=GET path=/api/recognition/5ac35ce2-bfb3-4435-9600-ed30f3d62781 status=200 elapsed_ms=565.5
2026-08-01 15:24:06 INFO [drawing-recognition] [MainThread] HTTP request method=GET path=/api/recognition/5ac35ce2-bfb3-4435-9600-ed30f3d62781 client=127.0.0.1
2026-08-01 15:24:06 INFO [drawing-recognition] [MainThread] Frontend task requested run_id=5ac35ce2-bfb3-4435-9600-ed30f3d62781
2026-08-01 15:24:06 INFO [drawing-recognition] [MainThread] Run loaded run_id=5ac35ce2-bfb3-4435-9600-ed30f3d62781 status=running phase=vector_parse
2026-08-01 15:24:06 INFO [drawing-recognition] [MainThread] Frontend task returned run_id=5ac35ce2-bfb3-4435-9600-ed30f3d62781 status=running phase=vector_parse
2026-08-01 15:24:06 INFO [drawing-recognition] [MainThread] HTTP response method=GET path=/api/recognition/5ac35ce2-bfb3-4435-9600-ed30f3d62781 status=200 elapsed_ms=415.4
2026-08-01 15:24:08 INFO [drawing-recognition] [MainThread] HTTP request method=GET path=/api/recognition/5ac35ce2-bfb3-4435-9600-ed30f3d62781 client=127.0.0.1
2026-08-01 15:24:09 INFO [drawing-recognition] [MainThread] Frontend task requested run_id=5ac35ce2-bfb3-4435-9600-ed30f3d62781
2026-08-01 15:24:09 INFO [drawing-recognition] [MainThread] Run loaded run_id=5ac35ce2-bfb3-4435-9600-ed30f3d62781 status=running phase=vector_parse
2026-08-01 15:24:09 INFO [drawing-recognition] [MainThread] Frontend task returned run_id=5ac35ce2-bfb3-4435-9600-ed30f3d62781 status=running phase=vector_parse
2026-08-01 15:24:09 INFO [drawing-recognition] [MainThread] HTTP response method=GET path=/api/recognition/5ac35ce2-bfb3-4435-9600-ed30f3d62781 status=200 elapsed_ms=335.7
2026-08-01 15:24:10 INFO [drawing-recognition] [MainThread] HTTP request method=GET path=/api/recognition/5ac35ce2-bfb3-4435-9600-ed30f3d62781 client=127.0.0.1
2026-08-01 15:24:10 INFO [drawing-recognition] [MainThread] Frontend task requested run_id=5ac35ce2-bfb3-4435-9600-ed30f3d62781
2026-08-01 15:24:11 INFO [drawing-recognition] [MainThread] Run loaded run_id=5ac35ce2-bfb3-4435-9600-ed30f3d62781 status=running phase=vector_parse
2026-08-01 15:24:11 INFO [drawing-recognition] [MainThread] Frontend task returned run_id=5ac35ce2-bfb3-4435-9600-ed30f3d62781 status=running phase=vector_parse
2026-08-01 15:24:11 INFO [drawing-recognition] [MainThread] HTTP response method=GET path=/api/recognition/5ac35ce2-bfb3-4435-9600-ed30f3d62781 status=200 elapsed_ms=421.0
2026-08-01 15:24:12 INFO [drawing-recognition] [MainThread] HTTP request method=GET path=/api/recognition/5ac35ce2-bfb3-4435-9600-ed30f3d62781 client=127.0.0.1
2026-08-01 15:24:12 INFO [drawing-recognition] [MainThread] Frontend task requested run_id=5ac35ce2-bfb3-4435-9600-ed30f3d62781
2026-08-01 15:24:12 INFO [drawing-recognition] [MainThread] Run loaded run_id=5ac35ce2-bfb3-4435-9600-ed30f3d62781 status=running phase=vector_parse
2026-08-01 15:24:12 INFO [drawing-recognition] [MainThread] Frontend task returned run_id=5ac35ce2-bfb3-4435-9600-ed30f3d62781 status=running phase=vector_parse
2026-08-01 15:24:13 INFO [drawing-recognition] [MainThread] HTTP response method=GET path=/api/recognition/5ac35ce2-bfb3-4435-9600-ed30f3d62781 status=200 elapsed_ms=270.9
2026-08-01 15:24:14 INFO [drawing-recognition] [MainThread] HTTP request method=GET path=/api/recognition/5ac35ce2-bfb3-4435-9600-ed30f3d62781 client=127.0.0.1
2026-08-01 15:24:14 INFO [drawing-recognition] [MainThread] Frontend task requested run_id=5ac35ce2-bfb3-4435-9600-ed30f3d62781
2026-08-01 15:24:15 INFO [drawing-recognition] [MainThread] Run loaded run_id=5ac35ce2-bfb3-4435-9600-ed30f3d62781 status=running phase=vector_parse
2026-08-01 15:24:15 INFO [drawing-recognition] [MainThread] Frontend task returned run_id=5ac35ce2-bfb3-4435-9600-ed30f3d62781 status=running phase=vector_parse
2026-08-01 15:24:15 INFO [drawing-recognition] [MainThread] HTTP response method=GET path=/api/recognition/5ac35ce2-bfb3-4435-9600-ed30f3d62781 status=200 elapsed_ms=466.1
2026-08-01 15:24:16 INFO [drawing-recognition] [MainThread] HTTP request method=GET path=/api/recognition/5ac35ce2-bfb3-4435-9600-ed30f3d62781 client=127.0.0.1
2026-08-01 15:24:16 INFO [drawing-recognition] [MainThread] Frontend task requested run_id=5ac35ce2-bfb3-4435-9600-ed30f3d62781
2026-08-01 15:24:17 INFO [drawing-recognition] [MainThread] Run loaded run_id=5ac35ce2-bfb3-4435-9600-ed30f3d62781 status=running phase=vector_parse
2026-08-01 15:24:17 INFO [drawing-recognition] [MainThread] Frontend task returned run_id=5ac35ce2-bfb3-4435-9600-ed30f3d62781 status=running phase=vector_parse
2026-08-01 15:24:17 INFO [drawing-recognition] [MainThread] HTTP response method=GET path=/api/recognition/5ac35ce2-bfb3-4435-9600-ed30f3d62781 status=200 elapsed_ms=415.1
2026-08-01 15:24:18 INFO [drawing-recognition] [MainThread] HTTP request method=GET path=/api/recognition/5ac35ce2-bfb3-4435-9600-ed30f3d62781 client=127.0.0.1
2026-08-01 15:24:18 INFO [drawing-recognition] [MainThread] Frontend task requested run_id=5ac35ce2-bfb3-4435-9600-ed30f3d62781
2026-08-01 15:24:19 INFO [drawing-recognition] [MainThread] Run loaded run_id=5ac35ce2-bfb3-4435-9600-ed30f3d62781 status=running phase=vector_parse
2026-08-01 15:24:19 INFO [drawing-recognition] [MainThread] Frontend task returned run_id=5ac35ce2-bfb3-4435-9600-ed30f3d62781 status=running phase=vector_parse
2026-08-01 15:24:19 INFO [drawing-recognition] [MainThread] HTTP response method=GET path=/api/recognition/5ac35ce2-bfb3-4435-9600-ed30f3d62781 status=200 elapsed_ms=394.0
2026-08-01 15:24:20 INFO [drawing-recognition] [MainThread] HTTP request method=GET path=/api/recognition/5ac35ce2-bfb3-4435-9600-ed30f3d62781 client=127.0.0.1
2026-08-01 15:24:20 INFO [drawing-recognition] [MainThread] Frontend task requested run_id=5ac35ce2-bfb3-4435-9600-ed30f3d62781
2026-08-01 15:24:21 INFO [drawing-recognition] [MainThread] Run loaded run_id=5ac35ce2-bfb3-4435-9600-ed30f3d62781 status=running phase=vector_parse
2026-08-01 15:24:21 INFO [drawing-recognition] [MainThread] Frontend task returned run_id=5ac35ce2-bfb3-4435-9600-ed30f3d62781 status=running phase=vector_parse
2026-08-01 15:24:21 INFO [drawing-recognition] [MainThread] HTTP response method=GET path=/api/recognition/5ac35ce2-bfb3-4435-9600-ed30f3d62781 status=200 elapsed_ms=394.7
2026-08-01 15:24:22 INFO [drawing-recognition] [MainThread] HTTP request method=GET path=/api/recognition/5ac35ce2-bfb3-4435-9600-ed30f3d62781 client=127.0.0.1
2026-08-01 15:24:22 INFO [drawing-recognition] [MainThread] Frontend task requested run_id=5ac35ce2-bfb3-4435-9600-ed30f3d62781
2026-08-01 15:24:23 INFO [drawing-recognition] [MainThread] Run loaded run_id=5ac35ce2-bfb3-4435-9600-ed30f3d62781 status=running phase=vector_parse
2026-08-01 15:24:23 INFO [drawing-recognition] [MainThread] Frontend task returned run_id=5ac35ce2-bfb3-4435-9600-ed30f3d62781 status=running phase=vector_parse
2026-08-01 15:24:23 INFO [drawing-recognition] [MainThread] HTTP response method=GET path=/api/recognition/5ac35ce2-bfb3-4435-9600-ed30f3d62781 status=200 elapsed_ms=393.4
2026-08-01 15:24:24 INFO [drawing-recognition] [MainThread] HTTP request method=GET path=/api/recognition/5ac35ce2-bfb3-4435-9600-ed30f3d62781 client=127.0.0.1
2026-08-01 15:24:24 INFO [drawing-recognition] [MainThread] Frontend task requested run_id=5ac35ce2-bfb3-4435-9600-ed30f3d62781
2026-08-01 15:24:25 INFO [drawing-recognition] [MainThread] Run loaded run_id=5ac35ce2-bfb3-4435-9600-ed30f3d62781 status=running phase=vector_parse
2026-08-01 15:24:25 INFO [drawing-recognition] [MainThread] Frontend task returned run_id=5ac35ce2-bfb3-4435-9600-ed30f3d62781 status=running phase=vector_parse
2026-08-01 15:24:25 INFO [drawing-recognition] [MainThread] HTTP response method=GET path=/api/recognition/5ac35ce2-bfb3-4435-9600-ed30f3d62781 status=200 elapsed_ms=336.6
2026-08-01 15:24:26 INFO [drawing-recognition] [MainThread] HTTP request method=GET path=/api/recognition/5ac35ce2-bfb3-4435-9600-ed30f3d62781 client=127.0.0.1
2026-08-01 15:24:26 INFO [drawing-recognition] [MainThread] Frontend task requested run_id=5ac35ce2-bfb3-4435-9600-ed30f3d62781
2026-08-01 15:24:27 INFO [drawing-recognition] [MainThread] Run loaded run_id=5ac35ce2-bfb3-4435-9600-ed30f3d62781 status=running phase=vector_parse
2026-08-01 15:24:27 INFO [drawing-recognition] [MainThread] Frontend task returned run_id=5ac35ce2-bfb3-4435-9600-ed30f3d62781 status=running phase=vector_parse
2026-08-01 15:24:27 INFO [drawing-recognition] [MainThread] HTTP response method=GET path=/api/recognition/5ac35ce2-bfb3-4435-9600-ed30f3d62781 status=200 elapsed_ms=246.8
2026-08-01 15:24:28 INFO [drawing-recognition] [MainThread] HTTP request method=GET path=/api/recognition/5ac35ce2-bfb3-4435-9600-ed30f3d62781 client=127.0.0.1
2026-08-01 15:24:28 INFO [drawing-recognition] [MainThread] Frontend task requested run_id=5ac35ce2-bfb3-4435-9600-ed30f3d62781
2026-08-01 15:24:28 INFO [drawing-recognition] [MainThread] Run loaded run_id=5ac35ce2-bfb3-4435-9600-ed30f3d62781 status=running phase=vector_parse
2026-08-01 15:24:28 INFO [drawing-recognition] [MainThread] Frontend task returned run_id=5ac35ce2-bfb3-4435-9600-ed30f3d62781 status=running phase=vector_parse
2026-08-01 15:24:28 INFO [drawing-recognition] [MainThread] HTTP response method=GET path=/api/recognition/5ac35ce2-bfb3-4435-9600-ed30f3d62781 status=200 elapsed_ms=41.9
2026-08-01 15:24:30 INFO [drawing-recognition] [MainThread] HTTP request method=GET path=/api/recognition/5ac35ce2-bfb3-4435-9600-ed30f3d62781 client=127.0.0.1
2026-08-01 15:24:30 INFO [drawing-recognition] [MainThread] Frontend task requested run_id=5ac35ce2-bfb3-4435-9600-ed30f3d62781
2026-08-01 15:24:31 INFO [drawing-recognition] [MainThread] Run loaded run_id=5ac35ce2-bfb3-4435-9600-ed30f3d62781 status=running phase=vector_parse
2026-08-01 15:24:31 INFO [drawing-recognition] [MainThread] Frontend task returned run_id=5ac35ce2-bfb3-4435-9600-ed30f3d62781 status=running phase=vector_parse
2026-08-01 15:24:31 INFO [drawing-recognition] [MainThread] HTTP response method=GET path=/api/recognition/5ac35ce2-bfb3-4435-9600-ed30f3d62781 status=200 elapsed_ms=713.1
2026-08-01 15:24:32 INFO [drawing-recognition] [MainThread] HTTP request method=GET path=/api/recognition/5ac35ce2-bfb3-4435-9600-ed30f3d62781 client=127.0.0.1
2026-08-01 15:24:32 INFO [drawing-recognition] [MainThread] Frontend task requested run_id=5ac35ce2-bfb3-4435-9600-ed30f3d62781
2026-08-01 15:24:33 INFO [drawing-recognition] [MainThread] Run loaded run_id=5ac35ce2-bfb3-4435-9600-ed30f3d62781 status=running phase=vector_parse
2026-08-01 15:24:33 INFO [drawing-recognition] [MainThread] Frontend task returned run_id=5ac35ce2-bfb3-4435-9600-ed30f3d62781 status=running phase=vector_parse
2026-08-01 15:24:33 INFO [drawing-recognition] [MainThread] HTTP response method=GET path=/api/recognition/5ac35ce2-bfb3-4435-9600-ed30f3d62781 status=200 elapsed_ms=406.4
2026-08-01 15:24:34 INFO [drawing-recognition] [MainThread] HTTP request method=GET path=/api/recognition/5ac35ce2-bfb3-4435-9600-ed30f3d62781 client=127.0.0.1
2026-08-01 15:24:34 INFO [drawing-recognition] [MainThread] Frontend task requested run_id=5ac35ce2-bfb3-4435-9600-ed30f3d62781
2026-08-01 15:24:35 INFO [drawing-recognition] [MainThread] Run loaded run_id=5ac35ce2-bfb3-4435-9600-ed30f3d62781 status=running phase=vector_parse
2026-08-01 15:24:35 INFO [drawing-recognition] [MainThread] Frontend task returned run_id=5ac35ce2-bfb3-4435-9600-ed30f3d62781 status=running phase=vector_parse
2026-08-01 15:24:35 INFO [drawing-recognition] [MainThread] HTTP response method=GET path=/api/recognition/5ac35ce2-bfb3-4435-9600-ed30f3d62781 status=200 elapsed_ms=447.7
